:01002000E9F6
:05002800220D20FCC9BF
:070030001A22130D20FAC98A
:08004000F5E521A5C0C3800015
:20008000C5D52AB6280BE53A6E67E7E12318F3E804D1C1E1F041E60220FAF1D921A3C034B5
:2000A000200223343E01E091C380FFF041E60220FA3EC0C384FFAF01ED1A21A0C0CDB31096
:2000C0003EC0E09267AF6F0EA0C32800F3E0FFAFFBE00FC9F092B7C8E0463E283D20FDC9AE
:0100F000C946
:02010000185590
:20010400CEED6666CC0D000B03730083000C000D0008111F8889000EDCCC6EE6DDDDD999DF
:16012400BBBB67636E0EECCCDDDC999FBBB9333E5469746C650079
:20014400000000000000000001000000FAA1C047FAA0C0F357583100DFD5CDD910CDB600DE
:20016400D17AEAA0C0FE112007AFCB3B17EAA1C0AFE042E043E041E04A3E07E04B11D40005
:200184002180FF0E0CF7CD80FF119C00CDED013EE4E047E0483E1BE0493EC0E0403E01E0C6
:2001A400FFAFE00F21A3C02277E0263CE090CD643AFBCD0E02760018FCF040E680C8AFE015
:2001C400917600F091B728F9C921A5C02A4F2A47B1C87BB920F67AB820F2444D0B0B2A02A8
:1701E40003572A0203B220F6C921A5C02AB628032318F97A3273C93D
:0C3A6400011700214D3A118DDBCDBC1084
:013A9100C96B
:2010B3005F78B1C8730B545D1378B1C8CB38CB1930032A1213040C18062A12132A12130D58
:1E10D30020F70520F4C9F040E680C8F044FE9230FAF044FE9138FAF040E67FE040C947
:060200006572726F7200CE
:2010F10021B2C02A5FB6C85621B4C0AFB6280235C9626BF0905FFAB1C03CC83DE090EA001B
:2011110020160F7ECB37A2EAB4C02AA257CAB9112A47E607FE053862FE072858F0254FE678
:20113100BBE025AFEA1AFF2AE0302AE0312AE0322AE0332AE0342AE0352AE0362AE0372A16
:20115100E0382AE0392AE03A2AE03B2AE03C2AE03D2AE03E2AE03F78FE0620133E80E01A15
:201171003EFEE01B3E20E01CAFE01D3EC7E01E79E025183021000055182F4F878781C610E7
:201191004FCB2030022AE20CCB2030022AE20CCB2030022AE20CCB2030022AE20CCB203000
:1911B100022AE20C15C22111147DEAB2C07CEAB3C07BE090EA00207AC904
:2011CA00F090E093F8067EE090EA0020C1CD2238F093E090EA00206069E9F090E093F80694
:2011EA007EE090EA0020C1CD2A38F093E090EA00206069E9F090E093F8087EE090EA002063
:20120A00C1CD393AF093E090EA00206069E9F090E093F8087EE090EA0020C1CD0938F093D7
:20122A00E090EA00206069E9F090E093F8027EE090EA002060692A12132A12137E12F09319
:20124A00E090EA0020E133E94FF090E09379E090EA0020626B2A4F46F093E090EA0020C986
:20126A00F090E093F8047EE090EA0020F8022A666FE5CD8110F093E090F093EA0020E1E8F8
:20128A0003E93B3BF090E093F8067EE090EA0020F8047EF80077F8057EF80177E1E5E5CDAD
:2012AA00F60FF093E090F093EA00203333E1E803E9E8F8F8057323722B2B323600F80736AC
:2012CA0000F80A7EF807962854F8052A4F3A2B477EF533210100395D54CD3212F8004EF850
:2012EA000B2A5F561A912019F8012A4F46F80B2A666F232A669120097C902005F8037E182D
:20130A001FF807347EF80377F8052A5F5621030019E57DF80777E17CF8067718A4F80A7E82
:06132A00E808E1E803E918
:20133000E8FDF80232737EEA8DDBF8054E218EDB71FA8DDB21E0D6963009FA8EDB21E1D6C0
:20135000963810F8027EE60F28053E0FC3FD13AFC3FD13F0905F79F80696E680F80077FAA8
:20137000DDD6E090EA0020FAE0D66F2600791600D54D445FCDF00ED17921DED686234F783D
:201390008E47F8016E2600094D440A57F802A6280A7BE090210020737A1852FA8EDBF8062A
:2013B000962842F8007EB7280F218EDB347921E0D6864F301204180F218EDB35FAE0D657A3
:2013D00079924F78DE0047FA8EDB21E1D69638BA7BE09021002073F8027EE60F28043E0FBE
:2013F000180BAF18087BE09021002073AFE803E1C1E93B3BF801774BF8047EEA8DDB218E7B
:20141000DB71FA8DDB21E0D6963009FA8EDB21E1D6963810F8017EE60F28053E0FC3BC14D6
:20143000AFC3BC14F0905FF8042A96E680F80077FADDD6E090EA0020FAE0D66F26007916EF
:2014500000D54D445FCDF00ED17921DED686234F788E47F8046E2600094D440A57F801A65E
:20147000280A7BE090210020737A1840FA8DDBF805962830F8007EB72807218DDB34031838
:2014900005218DDB350BFA8DDB21E0D69638CC7BE09021002073F8017EE60F28043E0F18FF
:1114B0000BAF18087BE09021002073AF3333E1C1E912
:023A4D00000077
:200206001E0421E863C3253A1E04211867C3253AFF61020220620201000000008560020272
:20022600CC600201EB2302065B6202054C160204CC62020221610203936102010000000097
:200246003263020668170206C96402084A670202F86602021668020144680204AD680204D8
:20026600741802004A6402029C64020267690200D9680204F76502084E240200E1690206EF
:20028600000000000000000000000000000000000000000000000000736902029F69020668
:2002A6003D6A02004C6A02005F6A0202A16A0204246B02045C690201A76B0202BF6702025C
:2002C600422402037A7005096B700501554F01020D5A0102895B0103615A0102D45B0104E9
:2002E6005A5C0102415E0105055F0102CD5F010591600108D65C010200000000425D01042E
:20030600FE6001033E610103A36301046C3103018D710302D27103022B320301EC71030218
:200326006B72030388730304E8720306D6730304000000000000000002750301A175030289
:2003460031750305AF720305687503061E7C03051A7703013177030181770302AB770303D2
:20036600597703041C760309DF7703010F780304377803027478030618790308AC790305A8
:200386007D7A0301917A030797770301DD6505032366050045660501B3660501000000008D
:2003A60083660504B9660505AA6605028F6E0500146F0500226F05002D6F0500646B040170
:2003C600766B04050000000000000000EA6704040A6A04024F78030160780301425B010213
:2003E6007E610102D36B02060D6C02064F6A0500576A0503B96A0503156B05018D6405021E
:2004060000000000C114FF00FE7B0301166C0503506C050500000000C26101020C6201049C
:20042600B8710301BC5D010491620104FD5701023B4C0505DB4D050501770304D76F05038C
:200446001E700505B55A0102E763010348670103AB6A0103116E0103DA7201028273010208
:1A0466002174010202F37F02004004004002FF7F02B341044A40407BF396A2
:2014C1003BF090F80077F8072A4F46595013131AE0901AEA002069602A666FE5CDAA0FE192
:2014E10069602A666F7EE607160087CB1287CB1287CB1287CB125F197D02037C02F8007E24
:08150100E0907EEA002033C9EE
:20048000216A041803217304FAEED65F8783856F8C9567F090F52AE090EA00202A666FE778
:0704A000F1E090EA0020C921
:013A4F000076
:20150900F8022A474EF8087EF80496EAB9C08616005F79210000CB3F300119CB23CB12B72B
:2015290020F478856F8C9567545DF8062A666F19444DF8022AE61F577EE61F5FF8053A6643
:201549006F1836F8022A4F2A47F090F52AE090EA00202A232396EAB9C02B2B2AE61F572A59
:20156900E61F5F2A6E67CD7915F1E090EA0020C9E5F040CB772809180CE5F040CB5F200560
:20158900210098180321009CC5CB33CB037BE60384473EE0A3824FE1D1D5C5FA8FDB865FCA
:2015A900F041E60220FA7B022379E6E05F793CE61FB34F1520E5FAB9C0856F8C9567C1D15A
:1415C9001DC8D578E6FC5F3E20814F8891E603B347C518C7CD
:04005000FBC3DD15FC
:1515DD00F5E5C5D5CD3233CD7335D1C1E1F041E60220FAF1D96E
:04005800FBC3F215DF
:163A7000AF21BAC00E03EF3E00EABAC0E0023E66E0013E80E0024D
:2015F200F5E5C5D50E01AFE00221BAC07EFE022012F2F53336003E66E23E80E002CD3035D2
:2016120033182CFE012028F2FE55360028043604180CFABCC0FE022005773E5518023E6692
:1A163200E23E80E0023E00EABCC03E01EABBC0D1C1E1F041E60220FAF1D964
:2004A7003E01EABAC03E01E002F8027EE0013E81E002C93E02EABAC0AFE0023E55E0013EC7
:0404C70080E002C906
:20400000AFEAD9C1EAE3C1FADB05EAE2C121DC052A4F46FAE2C1F533110800D511DAC1CD8B
:204020006A12AFEAC4C0EAC5C0AFEAC6C021C8C03601AFEACAC021CBC12277AFEAD5C121C0
:20404000D1C136CCAFEAD2C121D3C136CCAFEAD4C121C0C0369021BFC03690AFEABEC0EAED
:20406000BDC021C1C0360121C2C0360121C7C03601AFEAC3C0CDDE0521E4C17B227221214E
:2040800000194D7C21CFC171237721CDC1712377CDDE0521E6C17B227221E8C1361421E923
:2040A000C1360821EAC136C921ECC136FF1E0121B640CD253AC90605C533119171D53E09D6
:2040C000BFF5CDCA11E8050605C533111B77D521CB01E5CDCA11E80501E0DF111000D511EE
:2040E0000000D5C5CD9639E80611E0DFD521C901E5CD2238E804111000D511FF00D5C5CDA7
:204100009639E80611E0DFD521CA01E5CD2238E804C9F8097EB7C8CDDE05F8074EAF696716
:204120002929292929194D44F8066E2600094D445950C5F80A7EBFF5D5CD5605E804C1F898
:204140000935C83E01F8099630255E1D7BB7281F212000094D447950C5D5F80C66E5332654
:20416000C3E5335FD5CD5605E804D1C11D18DD212000094D44F808662EC6E5C5CD5605E889
:2041800004C9FAD5C1B72814FAD2C1EAD4C1FAD1C1EAD3C121D1C134200236CCAFEAD5C17F
:2041A000FACAC04F0600112000D5C511E0DFD5CD9639E806C9F8067EEAD1C1EAD3C1F807EE
:2041C0007EEAD2C1EAD4C1AFEAD5C1FACAC04F0600112000D5C511E0DFD5CD9639E806C99A
:2041E000E8FAF8057701DAC1FADAC10F3028FAE2C1F8047721DCC12A666F5950131A5FE5EA
:20420000F8077EE1A35F160019C5E5F8087ED1CD521259C11803F8055EF8007311E0C11A1E
:20422000F80322131A77F8007E160087CB1287CB1287CB1287CB125FF8032A666F19E57DCD
:20424000F80377E17CF80277FADAC1F80377FAE2C1F80477E52BCB4EE1CAB143E5F805CB92
:2042600056E12805FACAC01801AFEAD8C121DEC12A4F46F8006E2600095D54F8047ECD52AD
:204280001241F8012A23322A2377FAD9C1B7205BFAD5C1EAD7C1C5FAD5C147C5CDE54BE178
:2042A000C121D6C173C5D5FAE2C1F533F8082A666FE521E0DFE5CDD304E805D1C121D5C130
:2042C0007E81FE09DA54433E0896F680EAD7C121D6C172C5FAE2C1F533F8062A5F56D5111C
:2042E000F0DFD5CDD304E805C118693E0821D5C1965F799330047B9118047993CBFFEAD756
:20430000C1C5FAD5C1F533C533CD014CE1C121D6C173C5D5FAE2C1F533F8082A666FE5211C
:20432000E0DFE5CDD304E805D1C1FAD5C1804F3E089130203E1091EAD7C121D6C172C5FAE6
:20434000E2C1F533F8062A5F56D511F0DFD5CDD304E805C121D5C17E807711E0DFD53E01C9
:20436000F533FAD1C1F533CD2238E8043E0721D5C196303ACD9B4B21D5C17EC6F877FAD269
:20438000C1EAD4C1FAD1C1EAD3C121D1C134200236CCFAD5C1B7281211E0DFD53E01F5333B
:2043A000FAD1C1F533CD2238E8043E011850AF184DFAD5C1B72814FAD2C1EAD4C1FAD1C160
:2043C000EAD3C121D1C134200236CCF8047EF533F8022A5F56D53E01F533FAD1C1F533CD1C
:2043E000CA11E805FAD2C1EAD4C1FAD1C1EAD3C121D1C134200236CCAFEAD5C13E01E80678
:20440000C9E8FA21CCC13AB6206C3ECB21C7C0864F3E04CE00470AEAC3C0FAE3C1EAF1C139
:20442000FACAC0EAF2C1FAD9C1EAF3C1FAC8C0EAF4C1FAC7C0EAF5C121CBC136CB2336C020
:20444000FAC4C00F3830FAE4C1C621EACFC1FAE5C1CE00EAD0C1FAD9C13D200B21CFC17E53
:20446000C611227ECE0077FACFC1EACDC1FAD0C1EACEC1CD8241FACBC121CCC1666F7EF86B
:2044800005773E0DF80596DADA474E060021974409094E236669E9B34406452C45A245F5AD
:2044A00045D2477846DB46FA462E4819473D47DA475747AF21CBC1227721C2C03601FAE3BA
:2044C000C121F1C196282321E3C14E06006960290901DB05092A47EAE2C12A4F7EC533116B
:2044E0000800D54711DAC1CD6A12FAF2C1EACAC0FAF3C1EAD9C1FAF4C1EAC8C0FAF5C1EA95
:20450000C7C0AFC33A4821CBC13420022334FACBC121CCC1666F7E3DE607EAC7C0C6CB4FC4
:204520003E04CE00470AEAC3C0C32E4821CBC13420022334FACBC16FFACCC1677E3D21F16A
:20454000C1774E06006960290901DB05093333E5F8007EF803322B7EF80422FADAC1322B43
:204560002A5F561AEAE2C1F8035E23666B234E2346F533110800D511DAC1CD6A1221D5C1CC
:204580007EB7CA2E48E5F807CB4EE1CA2E48FADAC1CB4FC22E4821CDC134C22E482334C36C
:2045A0002E4821CBC13420022334FACBC16FFACCC1674EAF470B7921E4C186234F788E4775
:2045C00021CBC13420022334FACBC121CCC1666F6E26002B2929292929094D7C21CFC171F8
:2045E000237721CDC1712377FAD5C1B7CA2E48CD8241C32E4821CBC13420022334FACBC137
:2046000021CCC1666F4E59AF5791CB7B2807CB7A2008BF1805CB7A28013730010D21CBC18B
:204620003420022334FACBC121CCC1666F6E5DAF5795CB7B2807CB7A2008BF1805CB7A2833
:20464000013730012D79079F477D079F672929292929094D447921CDC186234F788E4721DF
:20466000CFC179227021CDC1792270FAD5C1B7CA2E48CD8241C32E4821C9C07EB728083650
:2046800000FABADAEABBDAAFEAC8C021CBC13420022334FAC7C0B7282FFACBC16FFACCC187
:2046A000677E21BDDAA6280EFAF4C1EAC8C0FABADAEABBDA181221CBC12A5F3A571B7B22AA
:2046C00072AFEAC3C0C33A483ECB21C7C0864F3E04CE00470AEAC3C0C32E4821CBC1342079
:2046E000022334FACBC121CCC1666F7E0F3003AF18023EFFEACAC0C32E4821CBC1342002E2
:204700002334FACBC121CCC1666F7E0F3003AF18023E01EAD9C1C32E4821CFC12AC6204FA4
:204720007ECE004721CDC179227021CFC1792270FAD5C1B7CA2E48CD8241C32E4821CBC173
:204740003420022334FACBC121CCC1666F7E3DE607EAF0C1C32E4821CDC12AC6204F7ECECD
:204760000047FAE6C15F21E7C156FAE9C126006F2929292929197DE6E06F2B7D917C983085
:204780002FFAEAC167FAE9C16FE5FAE8C1F533FAE6C15F21E7C156D51E0421BF7FCD253A7A
:2047A000E805FACFC1EACDC1FAD0C1EACEC1181721CFC12AC6204F7ECE004721CDC17922EA
:2047C0007021CFC1792270FAD5C1B72861CD8241185C21CBC13420022334FACBC16FFACCC4
:2047E000C1677ECDE041B72827FAD3C121CDC15E2356CD210FFAD9C1B7200A21CDC1342096
:204800000F2334180B21CDC12A5F3A571B7B2272FAD5C1B7280CFAD1C121CDC15E2356CDC2
:20482000210F21CBC134200223343E01180C21CBC134C276442334C37644E806C90E00FA9B
:20484000BFC021C0C09628363ECB21C1C0864F3E04CE00470A21B8C0A62021FAC1C0B70EA3
:204860000228020E01FABFC021C0C096300821BFC07E8177180621BFC07E91770E01FABDF5
:20488000C021BEC09628363ECB21C1C0864F3E04CE00470A21B8C0A62021FAC1C0B70E0222
:2048A00028020E01FABDC021BEC096300821BDC07E8177180621BDC07E91770E0179B7C086
:2048C000FAC2C0B7C0FAC8C0B7280EFABDDAE630280721C9C036011808FAB8C021C3C0A6E3
:2048E000C01E01210144CD253A4FFAC9C0B72006FAC7C0B72006FAC2C0B728E579B7C8FA08
:20490000ECC13CC8FAEBC14FFAEDC15F21EEC156FAECC1473E04213FDA96D821B1C036FF25
:20492000213FDA3604FA36DA6F0F3007AFE0123EC0E014CB4D2807AFE0173EC0E019CB55AD
:204940002803AFE01CCB5D2807AFE0213EC0E0233EFFE0252136DA7121B1C036FFAFEAB481
:20496000C021B2C07B227221B1C070C9E8F5E5F816CB56E12805F8167E18023E01F80877AF
:204980002A23777EF800223600D1D52101007B955F7A9CF80A327B222B2A4F466960290982
:2049A00029E57DF80B77E17CF80A77F8112A5F56F8092A666F194D44F8137EF533110600C2
:2049C000D5210500395D54CD6A12F8033A4F7E26CBE53359CD2A0FF8147EE602F809223674
:2049E00000CDD4351E01213D48CD253A0EC0F09291200721A2DB36DF180521A2DB36C0AFD5
:204A0000EAC9D61E0521375ACD253A1E03210956CD253A1E0221A96FCD253ACD4626CD2B89
:204A20002F1E28FAC9D6CDAD0EFAA2DBE09221B8C034CDBD01FABDDA47CB502805F8064E33
:204A40001847CB582805F8074E183ECB482805F8044E1835CB402805F8054E182CCB602813
:204A600019F8157EF80896200CF8147EE6014FB72803AF1866F8087E1861CB68CAE149AF34
:204A8000F809B6CAE149AF185279B7CAE149F80871F8033A477EC526C4E53358CD2A0FC1DD
:204AA000060069602909294D44F8112A666F094D4479C6FA4F78CEFF47210200395D54F880
:204AC000137EF533210600E5CD6A12F8033A4F7E26CBE53359CD2A0FC3E149E80BC93BCDAD
:204AE000D435F8074E79E601F800770600F8007EB72814FABDC021BEC0962009FABFC021B3
:204B0000C0C09628020601CB492808FAC2C0B720020601FABDDACB512806CB672002060178
:204B2000CB592806CB6F20020601CB612808FABDDAB72002060178B7285FC51E01213D48B3
:204B4000CD253AC11EC0F09293200721A2DB36DF180521A2DB36C0AFEAC9D6C51E05213772
:204B60005ACD253A1E03210956CD253A1E0221A96FCD253ACD4626CD2B2F1E28FAC9D6CD51
:204B8000AD0EC1FAA2DBE09221B8C034CDBD01C5CDD435C178B7C2EB4A33C921E0DF11F0F9
:204BA000DF1A22131A22131A22131A22131A22131A22131A22131A22131A22131A22131AE6
:204BC00022131A22131A22131A22131A22131A2213FACAC0222222222222222222222222F9
:204BE00022222222C9F8022AB711FFFFC85F7ACB3F1D20FB5E1C1804371FCB1A1D20F95F31
:1D4C0000C9F8022AB711FFFFC85F7ACB271D20FB5E1C18043717CB121D20F95FC9FA
:2004CB0000000103070F1F3FF806F090F53AE090EA00203A573A5F3A6E673E08F51A4FFA9B
:2004EB00D8C1A94F131A47FAD8C1A84713FAD7C1CB272834381ACB3FCB3F3004CB39CB38D6
:20050B00B72825CB39CB38CB39CB383D20F51818CB3FCB3F3004CB21CB20B7280BCB21CB7C
:20052B0020CB21CB203D20F5FAD6C1A677FAD6C12FA1B622FAD6C1A677FAD6C12FA0B6229A
:20054B00F13D2098F1E090EA0020C9F8053A473A5F3A6E6778B7C8F041E60220FA7305C8E6
:20056B001C2305280BF041E60220FA73230520F51CF041E60220FA73C9F8063A573A473A41
:20058B005F3A6E6778B7C8AF0E4F3CE2F041E60220FA72E27305C81C2305280F3CE2F04130
:1805AB00E60220FA72E273230520F11C3CE2F041E60220FA72E273C939
:053A8600AF21F6C1773D
:204C1D00E8EFF80E7B2272F80C792270F8132A5F56210400192A4F46F80C3A2B77F80D3A76
:204C3D002B322A666F094CF8132A5F56210600192A477E5857F80A2A666F197C3CF802779B
:204C5D00F8155D54F80E1A1396231A9E3E0017F80377F8137EF80477F8147EF80577F80E0E
:204C7D007EF80077F80F7EF80177F8157EF80A77F8167EF80B77F8132A5F5621020019E520
:204C9D007DF80877E17CF80777F8037EB7282BF8083608F8042A5F561A47131A5857D5F88A
:204CBD00022A666F19D17CF809222A666F197CF80A322A9630313600182DF8083E04322B4A
:204CDD002A5F561A47131A5857D5F8022A666F19D17CF809222A666F197CF80A773A963037
:204CFD0006FAE0D6F80A77F81071F8107EF80296CAAC4DF80A3A575ED5F8125EF80A7ECD9B
:204D1D000214F80B77B7CAA64DFA8DDBF80A22AF322A323600F8037EB72839232A5F561ACC
:204D3D00F80822131A222A5F56F8082A666F7B955F7A9CF80732737EF80A77F8077EF80B67
:204D5D00322A5F5621000119E57DF80A77E17CF80977182EF8062A5F2A571A22131A322A27
:204D7D005F566B6223E57DF80877E17CF80777F80A2A5F56F8062A666F7B955F7A9CF80961
:204D9D003273F8084E2346180BF81034C3074DF8154E2346E811E1E804E9E8EFF80E7B2237
:204DBD0072F80C792270F8132A5F561A4F131A47F80E7EF80A77F80F7EF80B322A666F09CF
:204DDD004CF8132A666F23232A465F50F80A2A666F197C3CF80277F8155D54F80C1A139633
:204DFD00231A9E3E0017F80377F8132A5F5621040019E57DF80677E17CF80577F80C7EF8AA
:204E1D000077F80D7EF80177F8157EF80A77F8167EF80B77F8132A5F5621060019E57DF87D
:204E3D000877E17CF80777F8037EB7282BF8083602F8042A5F561A47131A5857D5F8022A37
:204E5D00666F19D17CF809222A666F197CF80A322A9630313600182DF8083E01322B2A5F4E
:204E7D00561A47131A5857D5F8022A666F19D17CF809222A666F197CF80A773A963006FA1E
:204E9D00E1D6F80A77F81071F8107EF80296CA4A4FF80A3A575ED5F8125EF80A7ECD301315
:204EBD00F80B77B7CA444FFA8EDBF80A22AF322A323600F8037EB72839232A5F561AF808A0
:204EDD0022131A222A5F56F8082A666F7B955F7A9CF80732737EF80A77F8077EF80B322A6A
:204EFD005F5621000119E57DF80A77E17CF80977182EF8062A5F2A571A22131A322A5F562D
:204F1D006B6223E57DF80877E17CF80777F80A2A5F56F8062A666F7B955F7A9CF8093273CF
:204F3D00F8084E2346180BF81034C3A54EF8154E2346E811E1E804E9E8E7F81F2A5F56212F
:204F5D001000193601F8212A4F46CB21CB10CB7E28212B2B2B2A5F5621080019E57DF8198E
:204F7D0077E17CF818322A5F561A6F131A67094D7C18062119C4094D7CF812712332011F52
:204F9D00D22A5F561A5F16006B6229192919292929094D7CF802712377F81F2A5F562112E8
:204FBD000019E57DF80677E17CF805322A5F561A4FF8027EF81477F8037EF81577F8022AF4
:204FDD005F566B6223E57DF80877E17CF80777F8022A5F5621030019E57DF80A77E17CF81D
:204FFD000977F8122A5F5621060019E57DF81977E17CF81877F8122A5F5621020019E57D96
:20501D00F80C77E17CF80B77F8122A5F5621040019E57DF80E77E17CF80D77F8022A5F5669
:20503D0021060019E57DF81077E17CF80F77F81F7EF81077F8207EF81177F8142A5F2A5717
:20505D001A7779B7C269543A2BE67F5E23666B77F8022A5F56D51E02211C75CD253AE1F8DB
:20507D00062A5F561A4F131A4779E6E04F3A6E67792270F8082A5F561A4F131A4779E6E0AE
:20509D004F3A6E67792270F8172A5F561ACB57280EF8042A5F3A571AF6035E23666B77F840
:2050BD00172A5F561A4FF8042A5F561ACB41280BCBC7F8045E23666B771809CBCFF8045ED4
:2050DD0023666B77F8172A5F561AE618CAF751F80A2A5F561AF81522131A77F8062A5F5685
:2050FD001AF80022131A77F8152ACB7E203D2B7EF80277F8167EF803327EF81377F8037E92
:20511D00F8147711FFFF3A6E677B955F7A9CF8163273C1C52A917E98300501FFFF1831D1F4
:20513D00D5F8022A666F194D441825110000F8152A666F7B955F7A9C474BF8002A917E98A0
:20515D0030050100001809D1D57B915F7A98474BF80A2A666F792270F80C2A5F561A4F13BB
:20517D001AF802712377F8082A5F561AF81322131A77F8022ACB7E202C2B2A4F4659503E9F
:20519D00FF935F3EFF9A57F8132A23322A23327B96237A9E300501FFFF1837F8132A666FF1
:2051BD00094D44182D110000F8022A666F7B955F7A9CF81632732A4F46F8132A917E9830E6
:2051DD0005010000180CF8132A5F567B915F7A98474BF80C2A666F792270F8172A5F561A79
:2051FD00CB5F282AF80A2A5F561A4F131A4779E6E04F3A6E67792270F80C2A5F561A4F1351
:20521D001A4779E6E04F3A6E677922701824CB672820F80A2A5F56131A0E00473A6E6779C7
:20523D002270F80C2A5F56131A0E00473A6E67792270F8172A5F561A77E5CB4EE1CA78534D
:20525D00F8062A5F2A571A4F131A472A5F561AF81622131A77F814792270E5F81ACB46E17F
:20527D00287CF80A2A5F561A4F131A47F8147E912005237E90281CC5F8102A5F56D5F81A67
:20529D002A4F46F8182A5F56CD1D4CF80A2A666F792270F8082A5F561A4F131A47F80C2A17
:2052BD005F561AF81522131A327E912006237E90CA7853F80A2A5F561AF81722131A77F8B1
:2052DD00152A5F56D5F8102A5F56D5F81B2A5F56CDB74DF80C2A666F792270C37853F80CC9
:2052FD002A5F561A4F131A47F8167E912005237E90281CC5F8102A5F56D5F81A2A4F46F8D4
:20531D00182A5F56CDB74DF80C2A666F792270F8062A5F561A4F131A47F80A2A5F561AF8ED
:20533D001522131A22792270F8152A239620062B2A23962826F80C2A5F561A4F131AF815C7
:20535D005E2356D5F8105E2356D547F81B2A5F56CD1D4CF80A2A666F792270F8062A5F5678
:20537D001A4F131A47F80A2A5F561AF81622131A77F8042A5F561AF818322B7E91200523AB
:20539D007E90280EF8187ECBF7F8045E23666B77180CF8187ECBCFF8045E23666B77F80886
:2053BD002A5F561A4F131A47F80C2A5F561AF81622131A77F8042A5F561AF818322B7E91D2
:2053DD002005237E90280EF8187ECBFFF8045E23666B77180CF8187ECBC7F8045E23666B75
:2053FD0077F8062A5F561A4F131A47F80A2A5F561A6F131A677D917C98300EF8042A5F3A42
:20541D00571ACBD75E23666B77F8082A5F561A4F131A47F80C2A5F561A6F131A677D917C4D
:20543D0098300EF8042A5F3A571ACBDF5E23666B77F8102A5F561A4F131A4779C6FD4F780F
:20545D00CEFF473A6E67792270C3FA57E5F818CB7EE1C2FA57F8172A5F561AE620F812772C
:20547D0079E64147F8022A5F5621130019E57DF81577E17CF81477F8022A5F566B6223E58E
:20549D007DF81777E17CF8167778D641C23C56CB512806F81836031804F8183601F8187EA3
:2054BD00EAF6C1F8062A5F561A4F131A47F8132A5F561A5F1600FAF6C1D6032008AF936F98
:2054DD009F926718026B62094D44F8062A666F792270F8127EB7CAAE55F8022A5F56D5F8DC
:2054FD00172A5F56D5F8122A5F56D51E0221147ACD253AE806F81779227877B1CAAE552BDB
:20551D002A4F460359501AF81522131A77FAF6C1D603202EF8172A5F56210800194D445924
:20553D00501AF81722131A77F8022A5F56210600192A4F46F8172A5F567B915F7A98571362
:20555D00182CF8172A5F56210600194D4459501AF81722131A77F8022A5F56210800192A4E
:20557D004F46F8172A5F567B915F7A98571BF8152A46834F788A47F8062A666F792270F804
:20559D00042A666F3600F8022A5F56CD8D29C3FA57F8042A5F561ACB672022CBE7F8045ED0
:2055BD0023666B773E01F533FAF6C1F533F8042A5F56D51E02214475CD253AE804FAF6C1B0
:2055DD00D603201AF8062A5F561A4F131A47F80A2A5F561A6F131A677D917C983020FAF681
:2055FD00C13D203BF8062A5F561A4F131A47F80A2A5F561A6F131A677995789C38214D4471
:20561D00F8062A666F792270F8042A5F3A571ACBCF5E23666B77E6BEF8045E23666B77F871
:20563D00042A5F561A4FE682D682C2C757CB593E022001AFEAF6C1F8082A5F561A4F131A17
:20565D0047F8132A5F561A5F1600FAF6C1D6022006AF935F9F92576B62094D44F8082A669E
:20567D006F792270F8127EB7CA3957F8022A5F56D5F8172A5F56D5F8122A5F56D51E02218A
:20569D00147ACD253AE80659504B7A47B3CA395769602323235D541AF81522131A77FAF6C3
:2056BD00C1D602202B210C00092A4F46F8022A5F56210A0019E57DF81977E17CF818322A24
:2056DD005F561A6F131A6779954F789C47031829210A00092A4F46F8022A5F56210C0019CD
:2056FD00E57DF81977E17CF818322A5F561A6F131A6779954F789C470BF8152A5E814F7B65
:20571D008847F8082A666F792270F8042A666F3600F8022A5F56CD8D29C3FA57F8042A5F6D
:20573D00561ACB6F2022CBEFF8045E23666B773E01F533FAF6C1F533F8042A5F56D51E02D1
:20575D00214475CD253AE804FAF6C1D602201AF8082A5F561A4F131A47F80C2A5F561A6F4F
:20577D00131A677D917C983020FAF6C1B7203BF8082A5F561A4F131A47F80C2A5F561A6F1B
:20579D00131A677995789C38214D44F8082A666F792270F8042A5F3A571ACBC75E23666B2E
:2057BD0077E67DF8045E23666B77F8042A5F561AE6C02011F8042A666F3600F8022A5F5657
:2057DD00CD8D291818F8102A5F561A4F131A4779C6FD4F78CEFF473A6E67792270E819C93A
:2057FD00E8F0F8162A5F56211000193601F8182A4F46CB21CB10CB7E28212B2B2B2A5F56BE
:20581D0021080019E57DF81077E17CF80F322A5F561A6F131A67095D5418062119C4095D7A
:20583D0054011FD21A5F16006B6229192919292929094D44CBFE69602333335D54D51AF85D
:20585D000822131A327EF80277F8097EF80377F80C3600F8037EF80D7721030009E57DF80C
:20587D000677E17CF805322A5F561AF80A22131A322A5EF80EAF2273E5F80ACB7EE1281368
:20589D00F80C2A5F5621000119E57DF80E77E17CF80D77E5F80CCB7EE12813F80E2A5F56E2
:2058BD0021000119E57DF81077E17CF80F77211300094D44F80C7EF80677F80D7EF8077716
:2058DD00F80C5D54F8021A1396231A9E30360AF808223600F8022A5F56F8082A666F7B95AE
:2058FD005F7A9CF80B3273D1D52A12133A122A5F2A577B96237A9E3044D1D5F8062A121370
:20591D007E121839F8025D54F80C1A1396231A9E302B0A16005FF8022A666F195D7CF80A75
:20593D00732332D1D52A12133A122A5F2A572A937E9A3009D1D5F8062A12137E12F8042A80
:20595D005F561A6F131A5D57F80E7EF80A77F80F7EF80B77F80E2A937E9A30290A4F06007C
:20597D007B914F7A9847F8042A666F792270F80E799623789E303AF8042A5F56F80A2A127F
:20599D00137E12182CF80E7B96237A9E30230A26006F194D44F8042A666F792270F80E2ADF
:2059BD00917E98300CF8042A5F56F80A2A12137E12D1D51A4F131A47F80C7E91201A237EBA
:2059DD00902015F8042A5F561A4F131A47F80E7E912005237E902815F8162A4F4669602AC5
:2059FD0066C6FD5F7CCEFF577B02037A02E810C9F8082A4F46CB21CB10CB7E2811F8062A75
:205A1D005F56210800192A666F094D4418062119C4094D440A4F0600696029092909292945
:205A3D0029111FD2194D445E3E1F9120093ED2902004CB8B73C9CBB373C51E02210E74CD63
:205A5D00253AE1C9F8082A4F46CB21CB10CB7E2811F8062A5F56210800192A666F094D4460
:205A7D0018062119C4094D440A4F0600696029092909292929111FD2194D445E3E1F912034
:205A9D00093ED2902004CBCB73C9CBF373C51E02212572CD253AE1C9E8FBF80D2A4F46CB34
:205ABD0021CB10CB7E280FF80B2A5F56210800192A666F0918042119C4095D54011FD21A41
:205ADD005F16006B6229192919292929094D7CF800712377D1D5212C00194D440AF802777B
:205AFD00B7283FD1D5212F00192A7E073034D1D5212F00194D44D1D5212D0019E57DF8053D
:205B1D0077E17CF804322A5F561A6F131A67AFF533C5E5F8077EF5331E02212A6DCD253A40
:205B3D00E806E805C9F8082A4F46CB21CB10CB7E280FF8062A5F56210800192A666F09185F
:205B5D00042119C4094D440A4F0600696029092909292929111FD219012F00092ACB7EC0FE
:205B7D00F5331E02218F6ECD253A33C9F8082A4F46CB21CB10CB7E2811F8062A5F5621086C
:205B9D0000192A666F094D4418062119C4094D440A4F0600696029092909292929111FD277
:205BBD00194D44AFF533F80B7EF533C51E02214475CD253AE804C9E8FCF80A2A5F2A572AE4
:205BDD004F46CB21CB10210800193333E5F80DCB7E280CD1D51A6F131A67094D7C18062169
:205BFD0019C4094D7CF802712377F80E2A4F46CB21CB10CB7E280AD1D51A6F131A670918E9
:205C1D00042119C4094EF8022A5F561A5F16006B6229192919292929111FD2195D542114D9
:205C3D00001971211600197987854F3E008C4769602366240AE533CD4029E804C9E8FCF829
:205C5D000C2A4F46CB21CB10CB7E2811F80A2A5F56210800192A6E814F7D8818062119C467
:205C7D00094D7CF800712377011FD2D1D51A5F16006B6229192919292929094D44F8027932
:205C9D002278322A4F4603E1E523232A6602037C02F8022A4F46030303D1D521040019E5AF
:205CBD007DF80477E17CF803322A5F561A6F131A5F7D02037B02E804C9E8FCF80C2A4F46FE
:205CDD00CB21CB10CB7E2811F80A2A5F56210800192A6E814F7D8818062119C4094D7CF8E8
:205CFD0000712377011FD2D1D51A5F16006B6229192919292929094D44F802792270C1C564
:205D1D0003033A6E67232A6602037C02D1D5210400194D44F8022A666F2323232A660203AF
:205D3D007C02E804C9E8FCF80A2A5F2A572A4F46CB21CB10210800193333E5F80DCB7E289A
:205D5D000AD1D51A6F131A670918042119C4095D54011FD21A5F16006B6229192919292958
:205D7D0029094D7CF802712377F80E2A4F46CB21CB10CB7E280CD1D51A6F131A67094D44A0
:205D9D0018062119C4094D44F8022A5F56210500195D541A5F16007B02037A02E804C9E83F
:205DBD00FCF80A2A5F2A572A4F46CB21CB10210800193333E5F80DCB7E280AD1D51A6F13E9
:205DDD001A670918042119C4095D54011FD21A5F16006B6229192919292929094D7CF8022F
:205DFD00712377F80E2A4F46CB21CB10CB7E280CD1D51A6F131A67094D4418062119C409F0
:205E1D004D44F8022A5F56210500195D541A6F2600113D5E195E16007B02037A02E804C972
:205E3D00804000C0E8FAF80C2A4F462112000933335D54D51AB7C2D55EF80E7EF80277F845
:205E5D000F7EF80332CB2623CB16F80FCB7E281C210800095D541AF80422131A77F8042AFD
:205E7D005F56F8022A666F195D7C180B1119C4F8022A666F195D7CF804732377E13601E563
:205E9D00F8042A5F561A5F16006B6229192919292929111FD2195D5421C5D67B227221C730
:205EBD00D63601C5F8122AF5332A5F56D51E0121A67DCD253AE803C1FAC7D6D63C200CE1F2
:205EDD003600E5AF21C5D62277181A21100009360121C7D63469602A66C6FA5F7CCEFF57D9
:205EFD007B02037A02E806C9E8FAF80E2A4F46CB21CB10CB7E2811F80C2A5F5621080019BD
:205F1D002A6E814F7D8818062119C4094D7CF800712377011FD2D1D51A5F16006B622919D0
:205F3D002919292929094D44F802792278322A5F56210600194D44E1E523232A6602037CE1
:205F5D0002F8022A5F5621080019E57DF80677E17CF80577D1D5210400192A4F46F8042A96
:205F7D00666F792270F8022A5F56210A0019E57DF80677E17CF80577D1D5210600192A4F00
:205F9D0046F8042A666F792270F8022A5F56210C0019E57DF80677E17CF80577D1D5210802
:205FBD0000192A4F46F8042A666F792270E806C93B3BF80A2A4F46CB21CB10CB7E2811F8B7
:205FDD00082A5F56210800192A666F094D4418062119C4094D440A4F0600696029092909A0
:205FFD00292929111FD2195D54210E00197ED5F80E66E533F8104E2346C5F5331E01211121
:20601D0076CD253AE804D1212600194D44F80C7E02212700194D44F80D7EF80077F80E7E27
:20603D00F801322A02037E0221160019D5E5010000C5F8122A5E2356CDAD29D121060019DA
:20605D00D5E5F8102AF5334E2346C51E01217176CD253AE805D1211600194D442114001953
:20607D007E876F2600094D44030A3C4EF53379CD4029E1C93B3BF80A2A4F46CB21CB10CBEE
:20609D007E2811F8082A5F56210800192A666F095D5418062119C4095D54011FD21A5F16FB
:2060BD00006B6229192919292929094D443333C5F80E2A4F2A4703035EAF6B6729292929B9
:2060DD00094D44D1D5210E00195D541AF80C862366E533C5F81466E533F533CDE411E807FD
:2060FD00C9F8082A4F46CB21CB10CB7E2811F8062A5F56210800192A666F094D44180621BB
:20611D0019C4094D440A4F0600696029092909292929111FD21901120009E5F80C7EE177EE
:20613D00C9F8082A4F46CB21CB10CB7E2811F8062A5F56210800192A666F094D441806217A
:20615D0019C4094D440A4F0600696029092909292929111FD21901130009E5F80C7EE177AD
:20617D00C9F8082A4F46CB21CB10CB7E280FF8062A5F56210800192A666F0918042119C4F2
:20619D00094D440A5F16006B6229192919292929111FD21903030AF533E51E0221D874CD6B
:2061BD00253AE803C9F8082A4F46CB21CB10CB7E280FF8062A5F56210800192A666F09186A
:2061DD00042119C4094D440A5F16006B6229192919292929111FD2190303C5E51E02210BA4
:2061FD0075CD253AE1C15F16007B02037A02C9E8FDF80B2A4F46CB21CB10CB7E2811F80914
:20621D002A5F56210800192A666F094D4418062119C4094D440A4F0600696029092909293C
:20623D002929111FD2194D44211600093333E5212600097EF80277212700092A6E5F55C517
:20625D00F8022A666FE5F8112A666FE5F8087ECDAD29C1211600095D54211400097E876FD1
:20627D002600195D54131A3C5EF5337B5950CD4029E803C9E8FBF80B2A5F2A572A4F46CB9A
:20629D0021CB10210800193333E5F80ECB7E280CD1D51A6F131A67095D5418062119C40933
:2062BD005D54011FD21A5F16006B6229192919292929094D7CF802712377F80F2A4F46CB5B
:2062DD0021CB10CB7E280AD1D51A6F131A670918042119C4097EE5F80677E123232A4F467D
:2062FD00F8022A5F56210E00195D541AC5F80666E533C5F5331E01211176CD253AE804C1C7
:20631D00F8022A5F56212600195D54F8043A2B122A5F56212700195D5469607D12137C1219
:20633D00F8022A5F56211600195D54C5D5110000D5F80A7E5950CDAD29C1F8022A5F56215F
:20635D000600195D54D5F8067EF533C51E01217176CD253AE805F8022A5F56211600194D5C
:20637D0044F8022A5F56211400195D541A876F2600094D44030A3C4EF53379F8035E23560A
:20639D00CD4029E805C9F8082A4F46CB21CB10CB7E280FF8062A5F56210800192A666F09C7
:2063BD0018042119C4094E0600696029092909292929111FD2194D440A5FF80B3AA6B302F4
:2063DD005F2A2F577EA22FA302C9E8EFF8172A4F46211000093601F8197EF80F77F81A7E21
:2063FD00F81032CB2623CB16F81ACB7E2811210800092A4F46F80F2A666F094D44180B0108
:20641D0019C4F80F2A666F094D440A5F16006B62291929192929293E1F855F3ED28CF80DB5
:20643D007323322A5F3A571ACBBF122A5F566B6223E57DF80477E17CF803322A5F561A6F11
:20645D00131A677DE6E05CF80F2273F8022A5F56F80F2A12133A2B2B122A5F562103001963
:20647D00E57DF80677E17CF805322A5F561A6F131A677DE6E05CF80F2273F8042A5F56F892
:20649D000F2A12137E1221020009E57DF80877E17CF8077721040009E57DF80A77E17CF8BB
:2064BD000977F81B7EE618CAB265F8062A5F561A4F131AF8007123222A5F561AF80B22137D
:2064DD001A77C1C5CB78202D2BC1C559503EFF935F3EFF9A577EF80F77F80C7EF810327B0E
:2064FD0096237A9E300501FFFF1834F80B2A666F094D44182A110000E1E57B955F7A9CF8FC
:20651D001032732A4F46F80B2A917E983005010000180CF80B2A5F567B915F7A98474BF8D3
:20653D00062A666F792270F8082A5F561A4F131A47F8042A5F561AF80B22131A7760CB7C0D
:20655D00202C59503EFF935F3EFF9A57F80B7EF80F77F80C7EF810327B96237A9E3005018F
:20657D00FFFF1829F80B2A666F094D44181FAF914F9F9047F80B2A917E98300501000018C5
:20659D000CF80B2A5F567B915F7A98474BF8082A666F792270F81B7EF80A77E5CB5EE128B6
:2065BD002AF8062A5F561A4F131A4779E6E04F3A6E67792270F8082A5F561A4F131A4779FD
:2065DD00E6E04F3A6E677922701828E5F80CCB66E12820F8062A5F56131A0E00473A6E677E
:2065FD00792270F8082A5F56131A0E00473A6E67792270E5F80CCB4EE1CA4567F8022A5F1C
:20661D002A571A4F131A472A5F561AF80F22131A322B2B2A5F5621060019E57DF80D77E14A
:20663D007CF80C22792270E5F80CCB46E1287CF8062A5F561A4F131A47F80D7E91200523FB
:20665D007E90281CC5F80D2A5F56D5F8132A4F46F8112A5F56CD1D4CF8062A666F7922705D
:20667D00F8042A5F561A4F131A47F8082A5F561AF80D22131A327E912006237E90CA4567EA
:20669D00F8062A5F561AF80F22131A77F80D2A5F56D5F80D2A5F56D5F8132A5F56CDB74DEC
:2066BD00F8082A666F792270C34567F8082A5F561A4F131A47F80F7E912005237E90281CD8
:2066DD00C5F80D2A5F56D5F8132A4F46F8112A5F56CDB74DF8082A666F792270F8022A5F0F
:2066FD00561A4F131A47F8062A5F561AF80D22131A22792278323A2B962007F8103A2B9673
:20671D002826F8082A5F561A4F131AF80D5E2356D5F80D5E2356D547F8132A5F56CD1D4CD0
:20673D00F8062A666F792270E811C9E8F3F8132A5F56211000193601F8157EF80B77F81619
:20675D007EF80C32CB2623CB16F816CB7E28172B2B2B2A5F56210800192A4F46F80B2A66E9
:20677D006F094D44180B1119C4F80B2A666F194D44F809792278322A5F561A4F06006960D9
:20679D0029092909292929111FD2195D5421F7C17B227221F7C12A666FCB7EC2A86AF81745
:2067BD007EE620F80077F8092A5F5621020019E57DF80377E17CF802322A5F561AF8072236
:2067DD00131A77FAF7C14F21F8C146696023E57DF80577E17CF804322A5F561AF80B221359
:2067FD001A77F8072A5F56F80B7E932013237E92200EFAF7C15F21F8C156CD8D29C3A86ACC
:20681D00D5F80B2A5F5621040019D1E57DF80777E17CF80677211300094EF80B7EF8077769
:20683D00F80C7EF808227922AF227B96237A9ED2AE69F8072A5F2A572A666F7B955F7A9C69
:20685D004B47F8032A666F792270FAF7C1F80B77FAF8C1F80C77F8007EB7CA5E69F80B2A3F
:20687D004F3A47032A5F56210600195D54FAF7C16FFAF8C167E5C5D51E0221147ACD253AA3
:20689D00E806FAF7C1F80B77FAF8C1F80C7778B1CA5E692B2A5F566B6223E57DF80577E128
:2068BD007CF804322A5F561AF80722131A77F80B2A5F5621130019E57DF80B77E17CF80AE9
:2068DD00322A5F2A23571A77F8077EF80A322B7EF80B227EF80822AF322A5F2A572A666FA2
:2068FD0019E57DF80377E17CF802327EF80B77F8027EF80C77F8032A5F56F80B2A12137E70
:20691D0012FAF7C1F80977FAF8C1F80A322A5F5621030019E57DF80D77E17CF80C322A5F21
:20693D003A571A22131A77F8052A5F56F80B2A12137E12FAF7C15F21F8C156CD8D29C3A8DC
:20695D006AF80B2A5F566B6223E57DF80B77E17CF80A322A5F561AF80722131A77F8012A90
:20697D005F561AF80B22131A77F80B5D54F8071A1396231A9EDA936AF8092A5F2A572A12F3
:20699D00137E12FAF7C15F21F8C156CD8D29C3A86AF8092A5F56F8072A666F19E57DF80D40
:2069BD0077E17CF80C77F8032A5F56F80B2A12137E12FAF7C14F21F8C146F8007EB7CA5D3A
:2069DD006A595013210600094D44FAF7C16FFAF8C167E5D5C51E0221147ACD253AE80659B7
:2069FD0050FAF7C14F21F8C1467AB32853696023E57DF80B77E17CF80A322A5F2A571A22C2
:206A1D00131A77211300094EF80B2A5F5606007B914F7A9847F8092A666F792270FAF7C1D1
:206A3D006FFAF8C1672323232A4F46F8052A666F792270FAF7C15F21F8C156CD8D29184B5A
:206A5D0003F80B792278322A5F561A4F131A47F8012A5F561A6F131A677995789C38174D5F
:206A7D0044F80B2A666F792270FAF7C15F21F8C156CD8D291815F8132A4F4669602A66C6CE
:206A9D00FC5F7CCEFF577B02037A02E80DC9E8F3F8132A5F56211000193601F8157EF80B50
:206ABD0077F8167EF80C32CB2623CB16F816CB7E28172B2B2B2A5F56210800192A4F46F89C
:206ADD000B2A666F094D44180B1119C4F80B2A666F194D44F809792278322A5F561A4F06A4
:206AFD0000696029092909292929111FD2195D5421F9C17B227221F9C12A666FCB7EC20E28
:206B1D006EF8177EE620F80077F8092A5F5621040019E57DF80377E17CF802322A5F561A74
:206B3D00F80722131A77FAF9C14F21FAC14621030009E57DF80577E17CF804322A5F561AC7
:206B5D00F80B22131A77F8072A5F56F80B7E932013237E92200EFAF9C15F21FAC156CD8D2A
:206B7D0029C30E6ED5F80B2A5F5621020019D1E57DF80777E17CF80677211300094EF80B94
:206B9D007EF80777F80C7EF808227922AF227B96237A9ED2136DF8072A5F2A572A666F7BB3
:206BBD00955F7A9C4B47F8032A666F792270FAF9C1F80B77FAFAC1F80C77F8007EB7CAC200
:206BDD006CF80B2A4F3A47032A5F56210600195D54FAF9C16FFAFAC167E5C5D51E02211449
:206BFD007ACD253AE806FAF9C1F80B77FAFAC1F80C7778B1CAC26C2B2A5F5621030019E539
:206C1D007DF80577E17CF804322A5F561AF80722131A77F80B2A5F5621130019E57DF80B89
:206C3D0077E17CF80A322A5F2A23571A77F8077EF80A322B7EF80B227EF80822AF322A5FE8
:206C5D002A572A666F19E57DF80377E17CF802327EF80B77F8027EF80C77F8032A5F56F864
:206C7D000B2A12137E12FAF9C1F80977FAFAC1F80A322A5F566B6223E57DF80D77E17CF8F6
:206C9D000C322A5F3A571A22131A77F8052A5F56F80B2A12137E12FAF9C15F21FAC156CDCF
:206CBD008D29C30E6EF80B2A5F5621030019E57DF80B77E17CF80A322A5F561AF807221309
:206CDD001A77F8012A5F561AF80B22131A77F80B5D54F8071A1396231A9EDAF96DF8092A8F
:206CFD005F2A572A12137E12FAF9C15F21FAC156CD8D29C30E6EF8092A5F56F8072A666FD3
:206D1D0019E57DF80D77E17CF80C77F8032A5F56F80B2A12137E12FAF9C14F21FAC146F8AE
:206D3D00007EB7CAC16D595013210600094D44FAF9C16FFAFAC167E5D5C51E0221147ACD32
:206D5D00253AE8065950FAF9C14F21FAC1467AB3285221030009E57DF80B77E17CF80A32BA
:206D7D002A5F2A571A22131A77211300094EF80B2A5F5606007B914F7A9847F8092A666FE5
:206D9D00792270FAF9C16FFAFAC167232A4F46F8052A666F792270FAF9C15F21FAC156CD91
:206DBD008D29184D030303F80B792278322A5F561A4F131A47F8012A5F561A6F131A677920
:206DDD0095789C38174D44F80B2A666F792270FAF9C15F21FAC156CD8D291815F8132A4F87
:206DFD004669602A66C6FC5F7CCEFF577B02037A02E80DC9E8EFF8172A5F56211000193617
:206E1D0001F8192A4F46CB21CB10CB7E28212B2B2B2A5F5621080019E57DF81177E17CF852
:206E3D0010322A5F561A6F131A67094D7C18062119C4094D7CF800712377011FD2D1D51A82
:206E5D005F16006B6229192919292929094D7C21FBC17123322A666FCB7EC2D772F81B7E7B
:206E7D00E620F80277D1D521020019E57DF80577E17CF804322A5F561A4F131A47FAFBC1C9
:206E9D00F80577FAFCC1F806322A5F566B6223E57DF80977E17CF808322A5F2A571A2213E9
:206EBD001A22792270F8092A239620082B2A23963E012801AFF80D77D1D521040019E57D7B
:206EDD00F81077E17CF80F322A5F561A4F131A47F8052A666F2323232A669120067C903ECE
:206EFD00012801AFF81077F80D7EB7C2B170F8052A5F56211300194D440AF8094E23465F25
:206F1D001600D5F80D5D54F80B1A1396231A9ED1D2F26F79934F789A47F8072A666F7922C1
:206F3D0070F8027EB72874FAFBC121FCC1465F5013C6064F3001042B6EFAFCC167E5D5C5D7
:206F5D001E0221147ACD253AE80678B1284DFAFBC14F21FCC146696023E57DF80E77E17C3C
:206F7D00F80D322A5F561A6F131A6779C6134F3001040A4F0600094D44F80C2A666F792254
:206F9D0070FAFBC121FCC1666F2323232A4F46F80E2A666F792270F80D3601FAFBC121FCB4
:206FBD00C1464F0359501AF80922131A77F8032A5F561AF80B22131A77F8092A5F2A572ADF
:206FDD00937E9ADAB1702B2A5F2A577B02037A023601C3B1706B62094D44F8072A666F79C4
:206FFD002270F8027EB72877FAFBC121FCC1465F5013C6064F3001042B6EFAFCC167E5D5B7
:20701D00C51E0221147ACD253AE80678B12850FAFBC14F21FCC146696023E57DF80E77E12F
:20703D007CF80D322A5F561A6F131A6779C6134F3001040A4F7D0600914F7C9847F80C2A69
:20705D00666F792270FAFBC121FCC1666F2323232A4F46F80E2A666F792270F80D3601FA5C
:20707D00FBC14F21FCC14603F80B792278322A5F561A4F131A47F8032A5F561A6F131A67C6
:20709D007995789C380E4D44F80B2A666F792270F80D3601F8107EB7C2A9722B2B2A5F5642
:2070BD001AF80B22131A77FAFBC14F21FCC14621030009E57DF80977E17CF808322A5F2A5E
:2070DD00571A22131A222A5F56211300094EF8092A23322A23770600F8097B96237A9ED2DE
:2070FD00E671F80B2A5F567B915F7A984B47F8072A666F792270F8027EB7CAAB71FAFBC157
:20711D00F80977FAFCC1F80A322A5F566B6223E57DF80D77E17CF80C322B2B2A5F56210653
:20713D0000194D44FAFBC15F21FCC156D5F80D2A5F56D5C51E0221147ACD253AE80678B1DA
:20715D00284CFAFBC14F21FCC14621030009E57DF80D77E17CF80C322A5F561A6F131A67DB
:20717D0079C6134F3001040A4F0600094D44F80B2A666F792270FAFBC16FFAFCC167232A86
:20719D004F46F8032A666F792270F8103601FAFBC14F21FCC146030303F80B792278322A55
:2071BD005F561A4F131A47F80E2A5F561A6F131A677D917C98DAA9724D44F80B2A666F79FB
:2071DD002270F8103601C3A972F80B2A666F094D44F8072A666F792270F8027EB72876FA77
:2071FD00FBC121FCC1465F5013C6064F3001042B6EFAFCC167E5D5C51E0221147ACD253A4F
:20721D00E80678B1284FFAFBC14F21FCC14621030009E57DF80D77E17CF80C322A5F561A03
:20723D006F131A6779C6134F3001040A4F7D0600914F7C9847F80B2A666F792270FAFBC17E
:20725D0021FCC1666F232A4F46F8032A666F792270F8103601FAFBC14F21FCC14603030306
:20727D00F80B792278322A5F561A4F131A47F80E2A5F561A6F131A677995789C380E4D44F2
:20729D00F80B2A666F792270F8103601F80D7EB72813F8107EB7280DFAFBC15F21FCC15655
:2072BD00CD8D291815F8172A4F4669602A66C6FC5F7CCEFF577B02037A02E811C9E8FAF881
:2072DD000E2A4F46CB21CB10CB7E2811F80C2A5F56210800192A6E814F7D8818062119C4CD
:2072FD00094D7CF804712332011FD22A5F561A5F16006B6229192919292929094D7CF800E7
:20731D00712377D1D51A073859F8042A666F23232A4F46E1E5235D541AF80222131A77F881
:20733D0004792278323A2B962007F8053A2B962831F8045D54F8021A1396231A9E3006F801
:20735D000536031804F80536013E01F533F8067EF533F8022A5F56D51E02214475CD253AA3
:20737D00E804E806C9E8FCF80C2A4F46CB21CB10CB7E2811F80A2A5F56210800192A6E8121
:20739D004F7D8818062119C4094D7CF802712332011FD22A5F561A5F16006B62291929191D
:2073BD00292929094D7CF800712377D1D51A073850F8022A5F56210400194D4459501AF8AE
:2073DD000222131A77E1E52323232A4F46F8027E912005237E902829F8022A917E9830042B
:2073FD0036021804F8033600F8037E2601E533F533F8022A5F56D51E02214475CD253AE84F
:20741D0004E804C9F8082A4F46CB21CB10CB7E280FF8062A5F56210800192A666F0918044D
:20743D002119C4094D440A4F0600696029092909292929111FD2195D54210500197EC6043D
:1E745D004F2114001971211600197987854F3E008C4769602366240AE533CD4029C937
:20800000E8FCCD7452AFEA0CDAEA0DDAFA0EDAEACDC2210FDA3610FA10DAF80377E5CB46A2
:20802000E1281D2120D22A666FAF291729172917575C210800197DEA04DA7CEA05DA1806FC
:20804000AF2104DA2277E5F805CB4EE1281D2122D22A666FAF291729172917575C21080059
:20806000197DEA06DA7CEA07DA1806AF2106DA227721A7C2360121A8C23601AFEAC4C2EA66
:20808000D5C2AFEAB9C2EAD1C2AFEAD4C2EAB8C0AF21A9C2227721ABC23EA022360FAFEAE7
:2080A000BBC2FA17C2EAB4C2FA1DC2EAB6C2AFEAB7C2EAD6C2AF21ADC22277AF21AFC22206
:2080C00077FA24D20FDA9D412127D22A4F461125D21AF80222131A322A5F5679935F789AA0
:2080E000474BCB28CB193333C52120D22A4F46F8022A5E814F7B8847E1E5097CF8027721A1
:2081000022D22A4F462129D22A666F09012000095CF8027E21E0D69630327B21E1D69630A2
:208120002BFADDD6F80377FAE0D60600504FCDF00E7921DED686234F788E47F8026E2600B4
:20814000095D54F8037ECD52127918023E0FE670D6102049F802460E802125D22A665F540D
:20816000E1E5195D5479934F789A472120D279227021A8C2360421A7C236042133D23606B2
:20818000FA42D24704FA41D2C533111FD2CD4029012FD2212ED27E027E3CEA30D2FA24D210
:2081A000FE022807B72804D60420052124D23601E804C9FAA7C221A8C296CA51423E082163
:2081C000A7C29638404E060021D24109094E236669E9E441EE41E9410542F8410542FD41E2
:2081E0000242F341CDEC52181CCD65571817CD23541812CD8060180DCD83581808CDFB5EE2
:208200001803CD0460FAA8C221A7C2773E089638404E0600211E4209094E236669E93042D7
:208220003A42354251424442514249424E423F42CDE152181CCD85561817CDF8531812CDE9
:208240007B60180DCD75581808CDAF5E1803CDE85FAFEABAC2EAD1C23E0921A7C296383DED
:208260004E0600216D4209094E236669E9814286428B429D4290429D4295429A42864281BB
:2082800042CDF1521817CD28541812CD6A57180DCD8D581808CD065F1803CD156021C1C232
:2082A0007EB7280F7E0730043E0118023EFF21C1C28677FAA7C2D603C8210EDA5EFACDC26E
:2082C00057210EDA96CB7B2807CB7A2008BF1805CB7A280137D0210EDA35C9FA27C2B728AC
:2082E00016FABADACB4F28072124D2360318080F30052124D23601FA24D2D603201621333C
:20830000D23600FA36D24704FA35D2C533111FD2CD4029C92133D23602FA3AD23C2139D242
:208320004EF53379111FD2CD4029C9E8F8FABADAF80522E604322A23E6087721D3C27EB707
:20834000280CF8062AB6B7C2D94421D3C277E5F807CB66E12807F8077EB7C2D944FADDD663
:20836000F80277FAE0D6F80322AF22237EB7CA26442127D22A474E1125D21AF80022131A20
:20838000775851E1E57B955F7A9C4F43CB29CB18F8057822712120D22A4F46F8002A5E812E
:2083A0004F7B8847F8052A666F097CF807772122D22A4F462129D22A666F09012000095CAF
:2083C000F8077E21E0D696302C7B21E1D6963025AFF8034E060057CDF00E7921DED6862302
:2083E0004F788E47F8076E2600095D54F8027ECD52127918023E0FE670D610C2D944F807F1
:20840000460E802125D22A665F54F8052A666F195D5479934F789A472120D271237021A8D3
:20842000C23604C3D944F8077EB7CAD9442127D22A4F461125D21AF80022131A77D1D5796D
:20844000935F789A474BCB28CB19F8057922702120D22A4F46F8002A5E814F7B8847F8053E
:208460002A666F097CF807772122D22A4F46212BD22A666F095C1CF8077E21E0D696302C4A
:208480007B21E1D6963025AFF8034E060057CDF00E7921DED686234F788E47F8076E260058
:2084A000095D54F8027ECD52127918023E0FE670D6102025F807460E802125D22A665F54CA
:2084C000F8052A666F195D5479934F789A472120D271237021A8C23604E808C9E8F8FABAF9
:2084E000DA5FE6024FB72005CB43CA264679B72810F80036FFAF21A9C296234F9F96471880
:208500000CF8003601FAA9C24F21AAC246CB78281F79212AC286234F788E47CB782804597C
:208520005018031100004B4221D5C236FFC3F745FABADAE620F80177B72809FAFFC121007F
:20854000C25E1807FAFDC121FEC15EF802227B322B7EB72809FA07C22108C25E1807FA0562
:20856000C22106C25EF8042273F8022A917E985678CB7F2807CB7A2008BF1805CB7A280198
:2085800037DA2646F8042A666F09E57DF80877E17CF80777F8065D542103C21A1396231A19
:2085A0009E1A57CB7E2807CB7A2008BF1805CB7A280137300AFA03C24F2104C246182CF895
:2085C000025D54F8061A1396231A9E1A57CB7E2807CB7A2008BF1805CB7A2801373007F846
:2085E000022A4F461805F8062A4F46F8017EB73E032001AFEAD5C2F8007E3D2806AF914FB0
:208600009F904721A9C27922704E79079F47E5CB7EE1280206FFCB21CB1021ADC27E8122E3
:208620007E8877C3B44621AAC23AB6CAB046FAA7C23D2807FAA7C2D6082009FA09C2210A9A
:20864000C2461807FA28C22129C2464F21AAC2CB7E28172B7986234F788E47CB7820030109
:20866000000021A9C2792270182921A9C22A914F7E984758AF57B998CB7B2807CB7A20089E
:20868000BF1805CB7A280137380301000021A9C279227021AAC24E79079F47E5CB7EE1280E
:2086A0000206FFCB21CB1021ADC27E81227E8877AFEAD5C2E808C9E8EEF811772127D22A3B
:2086C0004F462125D22A666F79954F789C47CB28CB19F802792270FACFC2F80477AFEACFF4
:2086E000C2F8117EE610F805223600E5F813CB46E1CA584921ADC22AD6817EDEFF563EFF9A
:20870000CB7F2807CB7A2008BF1805CB7A28013730051181FF182C21ADC23E7F96233E00A4
:208720009E3E0057CB7E2807CB7A2008BF1805CB7A2801373005117F001808FAADC25F21D2
:20874000AEC25621ADC27B22722122D22A4F46212BD22A666F097CF807772129D22A666FAD
:20876000097CF808772120D22A4F46FAADC221AEC25E6F6309E57DF80B77E17CF80A77FA4C
:2087800013C24FCB49286C2127D22A477E585713F80B7B227A322A5F56F8092A666F19E519
:2087A0007DF80F77E17CF80E772172D72AC6A05F7ECE0057CB23CB12CB23CB12CB23CB1287
:2087C000CB23CB12CB23CB12F80F7B227A322A475EF80D7896237B9E3019F80F2A5F56F86E
:2087E0000B2A666F7B955F7A9CF80A3273AF21A9C22277CB4128521125D21AF80F22131A71
:2088000077F8092A4EF80F5E2356835F798A57FA72D74F2173D746CB21CB10CB21CB10CBB2
:2088200021CB10CB21CB10CB21CB1069607B957A9C3016F80F2A5F5679935F789A4BF809CA
:20884000712377AF21A9C22277AFF805B6CA4D4921ADC2AF96233E009E3E0057CB7E280796
:20886000CB7A2008BF1805CB7A280137302FF80B3E01223E04223E0122231127D21A221306
:208880001A327EF80077F8107EF80177D1D56B6223E57DF81077E17CF80F77181DF80BAF70
:2088A000223E082236FF1125D21AF80022131A327EF80E77F8017EF80F77F80E2A4F46F8B1
:2088C000092A666F097CF81077F8083A575ED5F8125EF80E7ECD3013B72872FA8EDB21D027
:2088E000C2962012F8047EE660280BF8047EE610F80B4E912057F80B7EB72820F8107EF834
:208900000B22AF322A32AF222B2A5F2A23572A666F7B955F7A9CF80A3273181FF810347EA8
:20892000F80B22AF322A32AF222B2A5F2A23572A666F7B955F7A9CF80A3273AF21A9C22224
:2089400077F80D7EEABAC2F80D7EEABBC2F8092A4F462120D2792270E5F813CB4EE1CA5AE1
:208960004D21AFC22AD6817EDEFF563EFFCB7F2807CB7A2008BF1805CB7A2801373005010C
:2089800081FF182C21AFC23E7F96233E009E3E0057CB7E2807CB7A2008BF1805CB7A28016B
:2089A000373005017F001808FAAFC24F21B0C24621AFC27922702122D22A4F46FAAFC2211B
:2089C000B0C25E6F6309E57DF81077E17CF80F77FACEC2F81077AFF805B6CA194C2B7EEA03
:2089E000CEC22120D22A4F462125D22A666F5C09E57DF80777E17CF80677F809772127D25D
:208A00002A666F097CF80A77FAB0C207E6014FF80E3A2B77F80F3A2B77CB41C2394C212B4C
:208A2000D22A4F46F80C2A666F095D7CF80B7323772A772122D22A666F094C0DF80D46F856
:208A4000107EB7281859AF5713F80D7EF80722AF327E932008AF922004F80D4604F8052A86
:208A60005F56F8022A666F195D54212000195D547AD5C53361E5335F3E60CD3013F8077730
:208A8000D1F8057EB7CACE4B2AE67022237B322B0100007ED6202830F8067ED630286AF87A
:208AA000083A2B5FCB3B7ED6402836F8077B22AF322B7ED6502863F8067ED6602839F8060A
:208AC0007ED670286FC3464BF8084EAF47914F3E019847212BD22A666F79954F789C4718B8
:208AE00065AF57934F3E019A47212BD22A666F79954F789C47184F3E80934F212BD22A667F
:208B00006F79954F9F9447183DF8084E212BD22A666F79954F9F9447182C212BD22A4F4657
:208B2000F8072A5F567B915F7A984B47218000094D441812212BD22A4F46F8072A5F567BAD
:208B4000915F7A984B47FA8EDB5F80470BF8107EB720082B2B2A917E9838732129D22A660A
:208B60006F095CFA8EDBEAD0C2F8057EEACFC221CEC23601C5F80C3A474EC53E02CD0214E4
:208B8000C1B7282EAF21ABC22277AF21A9C222772120D22A4F46FAADC25F21AEC2567993D0
:208BA0004F789A472120D279227021A8C23601C35A4D2122D2792270AF21ABC22277FAA72C
:208BC000C2D603CA5A4D21A8C23601C35A4DF8047EB72008F80BFAAFC296383DF80A3A57F8
:208BE0005ED5F80F5E3E01CD0214B7282CFA8EDB470E00212BD22A666F79954F789C471112
:208C0000010079935F789AF80F3273AFEAC4C221ABC2227721CEC23601FACEC2B7280CFA8D
:208C2000A7C2D603280521A8C23601F80E2A4F462122D2792270C35A4D79B7CA5A4D2129C9
:208C4000D22A4F46F80C2A666F097CF80A66E533F80A66E5335F3E02CD0214B7CA4F4DFA62
:208C60008EDB3C470E002129D22A666F79954F789C4703F80E792270AF21ABC22277FAC47F
:208C8000C2B7CA4B4DFAC2C2F80F77FAC3C2F810322A5F5621030019E57DF80F77E17CF8F3
:208CA0000E322A5F3A571A22131A327EEA90DBF80E7EEA91DBF80F2A5F56210A00194D4457
:208CC00059501AF80D22131A322A4F4658AF57B998CB7B2807CB7A2008BF1805CB7A2801B1
:208CE00037305CF80F2A5F56210C00192A4F46F80D2A666F09E57DF81177E17CF810773EBD
:208D000005F80FCB2623CB163D20F6FA90DBF80B77FA91DBF80C77F80F3A2B77F8103A2BEF
:208D2000322B2B2A5F2A572A666F19E57DF81177E17CF810327EEA90DBF8107EEA91DBFA67
:208D400090DBF80E77FA91DBF80F77AFEAA8C2F80E2A4F462122D2792270AF21ADC2227787
:208D6000AF21AFC22277E5F813CB56E1CAA551110000D51E0221C078CD253AE159504B7A8D
:208D800047B3CA3351213300197EE6C0F5E680F80477F1B7CA3351FAC4C2B7280D21C2C225
:208DA0007E932006237E92CA3351F8027EB72010FAB8C2B7280AAFEAC4C2EAA8C2C3335185
:208DC000112BD21AF80F22131A77FA90DBF80377FA91DBF80477F80F2A5F56F8032A666F0E
:208DE000195D7CF80F732377FAAFC2F80577FAB0C2F80677F80F2A5F56F8052A666F7B95BB
:208E00005F7A9CF80E327B222B2A5F562140007B955F7A9CF810327321030009E57DF809DB
:208E200077E17CF808322A5F2A571A22131A77210A0009E57DF80D77E17CF80C322A5F56BE
:208E40001A6F131A5D57F8092A666F195D54F80F3A2B77F8103A2B77696023E57DF8117749
:208E6000E17CF81077F80D2A937E9AD2104FFAACC2CB7FC2104F21C2C2792270F80F2A5FF8
:208E8000561A6F131A5D5721C5C27B2272F8072A5F561A6F131A5D5721C7C27B2272F8075B
:208EA0002A5F561AF80F22131A77F80B2A5F561A6F131A5D57F80F2A666F19E57DF80F77A1
:208EC000E17CF80E77212BD22A6E5F5513F80D3A2B77F80E3A2B227B227A322B2B2A5F2A7B
:208EE000572A666F7B955F7A9CF81032731122D22A12137E12AF21ABC2227721C4C2360152
:208F0000FAA7C2D603CA335121A8C23601C33351F8027EB7CA33511129D21AF80B22131AC9
:208F2000322A5F56F8032A666F19E57DF80F77E17CF80E77210C00095D541AF80722131A04
:208F400077F8072A5F2A572A666F195D54F80D7B96237A9E30781122D21AF80D22131A77E5
:208F6000F8092A5F56F80D2A666F7B955F7A9CF8103273110000F80B2A666F7B955F7A9C43
:208F8000F80E327B222B2A5F56F8072A666F195D54F80F2A666F195D54212000195D54F857
:208FA000052A666F195D5421AFC27B2272FA0DC2EAABC2FA0EC2EAACC2FAA8C2D602280795
:208FC000FAC4C2B7CA3351AFEAA8C2C333511120D21AF80D22131A222A5F3A571A22131AAC
:208FE00077F80D2A239620072B2A2396CA3351F80D5D54F80F1A1396231A9E3E0017F80ADD
:2090000077F80F2A5F56F80D2A666F7B955F7A9CF80C327B327EB72840210600095D541AEF
:20902000F80F22131A772128D23A5E5713F8087B2272F80F3A2B77F8103A2B322A5F56F8DE
:20904000082A666F7B955F7A9CF81032737EF80877F8107EF809771829210800092A6E5F7A
:209060005513F80F7B22721125D21AF80D22131A222A5F56F80D2A666F7B955F7A9CF80971
:209080003273F8082A5F2A23572A666F195D7C21ADC27323771120D21AF80F22131A772165
:2090A000ADC22AD6817EDEFF563EFFCB7F2807CB7A2008BF1805CB7A28013730051181FFA5
:2090C000183921ADC23E7F96233E009E3E0057CB7E2807CB7A2008BF1805CB7A2801373032
:2090E00009F80D3E7F22AF77180CFAADC2F80D77FAAEC2F80E77F80D2A5F56F80F2A666F83
:20910000195D7CF80F7323321120D22A12137E12AF21ADC22277F80A7EB73E0120023EFFFF
:20912000EABAC2EABBC2FA1BC23CEAB1C2AF21A9C2227778B12811213300097EE60F2808BC
:2091400021C3D6712370185DFABADAE61021BDDA5EA3285178B1200D3E08F5331E0221FD24
:2091600076CD253A3378B1283C213300097EE60F2033212900097EF81077B72828212A00C8
:20918000092A4F46110000D53E01F533110000D5C5F8177EF5331E02212A6DCD253AE80866
:2091A00021D1C23601E5F813CB5EE1281AFABDDAE60447C5331120D2D51125D2D51E0421D6
:2091C0005E75CD253AE805E812C9E8FAF80C2A4F46210800092A4F4621FAFF093333E521BB
:2091E000FCFF09E57DF80477E17CF8037721FEFF09E57DF80677E17CF80577D1D51A4F13D6
:209200001A476960292909113EC21923234D44F8022A5F561A02D1D51A4F131A476960295E
:209220002909113EC2192323234D44F8042A5F561A6F131A5F7D02037B02E806C9F8062A0A
:209240004F46210800092A4F4621FEFF094D442A666F5D54292919113EC2192323360069A6
:20926000602A4F466960292909113EC219232323AF2277C9116900D5110000D5113EC2D5EC
:20928000CD9639E806C9E8FC4F060069602929093E3E854F3EC28CF800712377E1E5232333
:2092A000232A4F4678B12836F8002A23322A23322A5F561A6F131A67B52803293020D1D554
:2092C00013131A110000D52600E533F8055E2356D5C5F5331E02212A6DCD253AE808E804B4
:2092E000C9AFEACEC2EAC4C2AFC386523E01C38652AFEAD6C2FABADA2111C24E2346CB674C
:20930000284A21ACC2CB7E28432B7E210FC28621ABC2227E2110C28EEAACC211ABC22111C0
:20932000C21A1396231A9E1A57CB7E2807CB7A2008BF1805CB7A2801373009FAABC221AC89
:20934000C24618017921ABC222701842FAABC2210DC28621ABC2227E210EC28EEAACC21106
:20936000ABC22111C21A1396231A9E1A57CB7E2807CB7A2008BF1805CB7A2801373009FAE4
:20938000ABC221ACC24618017921ABC2227021ACC24E79079F47E5CB7EE1280206FFCB216C
:2093A000CB1021AFC27E81227E88772122D22A4F7E2190DB712377FAB9C2B72006FA26C2CB
:2093C000B7201F21AAC24E79079F47E5CB7EE1280206FFCB21CB1021ADC27E81227E887723
:2093E0001803CDDC443E1FCDB746CDDB42CD2B4321B9C27EB7C835C9AF21ABC22277AFEA13
:20940000D6C221CBC22277FA24D22601E533F533111FD2D51E02214475CD253AE8043E02ED
:20942000C386523E03C38652E8F321CEC23601FABADAE620F80077FAA7C23D200EF8007EAB
:20944000B7280821A8C23608C38256FAA7C2D608200EF8007EB7200821A8C23601C38256A0
:20946000FAC4C2B7CAB15521C2C22A666F4EFAC2C2F80177FAC3C2F80277CB71280AAFEA0E
:20948000A8C2EAC4C2C362551120D21AF80322131A772125D22A4F46F8032A666F09E57D5E
:2094A000F80777E17CF80677F8012A5F566B6223E57DF80977E17CF808322A5F2A571A22ED
:2094C000131A77F8012A5F56210800192A4F4603F8092A23322A23322A666F094D44F80577
:2094E0002A5F567993789A3009AFEAA8C2EAC4C218702127D22A4F4603F8032A5E6F630901
:20950000E57DF80777E17CF80677F8012A5F56210600192A4F46F8092A666F094D44F80533
:209520002A5F567B917A983009AFEAA8C2EAC4C21830F80B2A5F5621C5C22A666F7B955F42
:209540007A9C474BFAADC25F21AEC23A577B81227A8877F8072A5F561A4F131A21C5C27155
:209560002377AF21ABC22277F8012A4F4603030369602A665F547B21C7C296235F7A9E5702
:20958000FAAFC2F80B77FAB0C2F80C322A666F195D5421AFC27B227269602A665F5421C7E6
:2095A000C27B227269602A4F7E2190DB7123771823FAABC2210DC28621ABC2227E210EC24C
:2095C0008EEAACC22122D22A4F7E2190DB712377AFEAA8C221ACC24E79079F47E5CB7EE1AD
:2095E000280206FFCB21CB1021AFC27E81227E8877CDDC443E1FCDB746F8007EB7280BFAD7
:20960000A8C23D200521A8C23608FABADACB4F28183E01F5333E03F533111FD2D51E0221E5
:209620004475CD253AE80418280F30183E01F5333E01F533111FD2D51E02214475CD253AF7
:20964000E804180D21AAC23AB62006111FD2CD8D29FABADAE61021BDDA4EA12006FAB2C212
:20966000B72818FAD1C2B72012FAB8C2B7200C21D6C2360121A8C236021807AFEAB2C2CD7A
:209680002B43E80DC9AFEACEC2FA17C2EAB4C2AFEAC4C2210BC296234F9F964721ABC279AA
:2096A0009623789E7857CB7E2807CB7A2008BF1805CB7A2801373808FAABC24F21ACC246DB
:2096C00021ABC2792270FA15C2EAC9C2FA16C2EACAC2212DC23AB6CA6057AF21A9C29623EE
:2096E0004F9F962B47799623789E7857CB7E2807CB7A2008BF1805CB7A280137300AFAA91A
:20970000C25F21AAC2561802595021FFC12A4F46CB28CB19CB28CB19CB28CB19CB28CB1986
:20972000CB28CB19CB28CB19CB28CB19CD450659212CC22A4F46CB28CB19CB28CB19CB28C4
:20974000CB19CB28CB19CB28CB19CB28CB19CB28CB19AF57CDF00E21C9C27E81227E8877AE
:209760003E04C386523E05C38652FABADAE6104FFAB4C2B7284079B7283CFAABC221C9C225
:209780009621ABC2227E21CAC29E21ACC232AF96233E009E3E0057CB7E2807CB7A2008BF7C
:2097A0001805CB7A280137300721ABC2AF22368021B4C235184A21ACC27E07E6014779B7FB
:2097C000281878B728142B7E210FC28621ABC2227E2110C28EEAACC21826FAABC2210DC221
:2097E000864FFAACC2210EC28E5FCB40200CAFEAA8C221ABC2792273180621ABC2792273BE
:209800002122D22A4F7E2190DB71237721ACC24E79079F47E5CB7EE1280206FFCB21CB105D
:2098200021AFC27E81227E8877FAB9C2B72006FA26C2B7201F21AAC24E79079F47E5CB7E5F
:20984000E1280206FFCB21CB1021ADC27E81227E88771803CDDC443E1FCDB746CDDB42FAF0
:20986000BADAE61021BDDA4EA1C0CD2B4321B9C27EB7C835C9AFEAD6C221D2C236013E08C2
:20988000C3865221D3C236013E09C38652E8F52127D22A4F461125D21AF80722131A322ADC
:2098A0005F2A5779935F789A474BCB28CB191120D21A22131A77F8072A5F2A572A666F19DE
:2098C0005D097CF80A77AF21A9C22277AF21ABC22277FABADAF80822E60877B728122B7ED4
:2098E000E61021BDDA4EA12807AFEAA8C2C3AC5EF80A7E21E0D6963E0017F80077FADDD66E
:20990000F80177FAE0D6F802223600E5F80ACB56E1CA505A1122D21AF80422131A7711295D
:20992000D21AF80822131A323A2B77F8093A2B322A5F56F8042A666F19E57DF80A77E17C1B
:20994000F809322A5F5621200019E57DF80877E17CF807772A2377F8007EB72858F8097EFF
:2099600021E1D696304FF8093A223600F8024E0600F8085E1600CDF00EF808792270F808CF
:209980002A5F5621DED62A666F19E57DF80877E17CF807322A5F56F80A6E260019E57DF8AC
:2099A0000A77E17CF80977F8017EF8085E2356CD52127918023E0FE670D6102013AF2101B2
:2099C000C296EAABC29F2102C296EAACC2C3DB5A2122D22A4F46212BD22A666F094C0CF824
:2099E0000A7E21E0D69630347921E1D696302DFADDD65FFAE0D60600691600D54F5DCDF04B
:209A00000ED17921DED686234F788E47F80A6E2600094D547B59CD52127918023E0F0F3070
:209A20002721A8C236012122D22A4F46212BD22A666F5C817B883C47AF954F789C470B21CF
:209A400022D2712370C3AC5E21A8C23602C3DB5AF8097EB7CADB5A2122D22A4F46212BD25F
:209A60002A666F23095CF8007EB728327B21E1D696302B7B1600D5F8044E06005FCDF00EB4
:209A8000D17921DED686234F788E47F80A6E2600094D54D5F8037E59CD5212D118020E0F42
:209AA00079E670D610200EFA01C2EAABC2FA02C2EAACC21826CB41281E21A8C23601430EF6
:209AC00000212BD22A666F79954F789C470B2122D2712370C3AC5EAFEAA8C2FABADAF5E654
:209AE000024FF1E601F80977FAD2C2B7280E79F809B6B7C2A55DEAD2C2C3A55DF80A7EF8E4
:209B0000027779B7CA285C2124D236032122D22A4F46212BD22A666F097C3CF809227E218A
:209B2000E0D6963037F8097E21E1D696302EFADDD657FAE0D64F0600F8095EAFD557CDF027
:209B40000ED17921DED686234F788E47F80A6E2600095D4C7A51CD52127918023E0F0F3030
:209B60000DAF21A9C22277AFEAA8C2C3AC5EAFEAA8C22122D22A4F462129D22A666F097CBD
:209B8000F80A77212BD22A666F097C3CF80377F80A7EF80396CAA55DF8022A233D7721E023
:209BA000D6963048F80A7E21E1D696303FFADDD6F80577FAE0D6F806223600F80A3A2B22B4
:209BC0003600F8062A234F06005E1600CDF00E7921DED686234F788E47F8046E2600095DE7
:209BE00054F8057ECD5212F808711804F808360FF8082AE67077D610201821A8C23604AF0A
:209C00002101C296EAA9C29F2102C296EAAAC2C3AC5EE5F80ACB5EE1280821A8C23604C38F
:209C2000AC5EF80A34C38F5BF8097EB7CAA55D2124D236011122D21AF80422131A77112BCA
:209C4000D21AF80822131A323A2B77F8093A2B322A5F56F8042A666F19E57DF80A77E17CF8
:209C6000F8097734237E21E0D6963037F8097E21E1D696302EFADDD657FAE0D64F0600F877
:209C8000095EAFD557CDF00ED17921DED686234F788E47F80A6E2600095D4C7A51CD52120F
:209CA0007918023E0F0F300DAF21A9C22277AFEAA8C2C3AC5EAFEAA8C21122D21AF8042294
:209CC000131A771129D21AF80922131A323A2B77F80A3A2B322A5F56F8042A666F19E57D6E
:209CE000F80B77E17CF80A322B112BD21A22131A323A2B77F8093A2B322A5F56F8042A66A6
:209D00006F19E57DF80A77E17CF809773CF80377F80A7EF80396CAA55DF8022A233C772165
:209D2000E0D6963048F80A7E21E1D696303FFADDD6F80577FAE0D6F806223600F80A3A2B74
:209D4000223600F8062A234F06005E1600CDF00E7921DED686234F788E47F8046E260009A0
:209D60005D54F8057ECD5212F808711804F808360FF8082AE67077D610201421A8C23604DE
:209D8000FA01C2EAA9C2FA02C2EAAAC2C3AC5EE5F80ACB56E1280821A8C23604C3AC5EF82D
:209DA0000A34C3105D1120D21AF80722131A77FAAAC2F80522079F77E521AAC2CB7EE128ED
:209DC0000AF8057EF8092236FF180CF8057EF80977F8067EF80A77F809CB2623CB16F807A5
:209DE0003A2B77F8083A2B77F8093A2B77F80A3A2B322A5F56F8052A666F19E57DF80B7765
:209E0000E17CF80A321120D22A12137E121122D21AF80722131A77FAACC2F80522079F7747
:209E2000E521ACC2CB7EE1280AF8057EF8092236FF180CF8057EF80977F8067EF80A77F87B
:209E400009CB2623CB16F8073A2B77F8083A2B77F8093A2B77F80A3A2B322A5F56F8052AD1
:209E6000666F19E57DF80B77E17CF80A321122D22A12137E1221AAC23AB6201621ACC23A27
:209E8000B6200F012FD2212ED27E027E3CEA30D218152133D23606FA42D24704FA41D2C5DA
:209EA00033111FD2CD40293E0CCDB746E80BC9CDDB42AFEAD5C2EAD6C2FA24D23D200B2152
:209EC00037C296234F9F96471808FA37C24F2138C24621A9C2792270AF2139C296EAABC2F3
:209EE0009F213AC296EAACC2AFEACEC2FA3BC2EAB7C2AFEAB8C23E0CC38652AF21A9C222E0
:209F0000773E0DC3865221AAC2CB7E28182B7E2128C2864FFAAAC22129C28E47CB78202F6C
:209F2000010000182AFAA9C22128C2964FFAAAC22129C29E4758AF57B998CB7B2807CB7AC9
:209F40002008BF1805CB7A280137380301000021A9C27922704E79079F47E5CB7EE1280298
:209F600006FFCB21CB1021ADC27E81227E8877FAABC2210DC28621ABC2227E210EC28EEA73
:209F8000ACC211ABC22111C21A1396231A9E1A57CB7E2807CB7A2008BF1805CB7A2801376C
:209FA0003009FAABC221ACC24E1807FA11C22112C24E21ABC2227977079F47E5CB7EE12831
:209FC0000206FFCB21CB1021AFC27E81227E88773E1FCDB74621B7C27EB7280135FAB7C2BC
:209FE000B7C821A8C23606C9AF21A9C22277AF21ABC22277AFEACEC2EAD5C2AFEAD6C23E8F
:20A000000EC38652AF21A9C22277AF21ABC222773E0FC38652FAABC2213CC28621ABC22249
:20A020007E213DC28EEAACC211ABC22111C21A1396231A9E1A57CB7E2807CB7A2008BF185F
:20A0400005CB7A2801373009FAABC221ACC24E1807FA11C22112C24E21ABC2227977079F64
:20A0600047E5CB7EE1280206FFCB21CB1021AFC27E81227E88773E02C3B7463E11C386527A
:05A080003E12C38652F0
:023A5000000074
:20164C00E8F7F8112A4F3A2B2B47CB21CB102A5F5621080019E57DF80977E17CF80877F8B8
:20166C0012CB7E2816F8072A5F561A6F131A67095D541AF80022131A77180D2119C4095DAF
:20168C00541AF80022131A77F8147EB72820F8072A5F561A4F131A47F8145E16006B622958
:2016AC0079954F789C47F8072A666F792270F80F2A4F4603030AE0900AEA0020F80F7EF886
:2016CC000277F8107EF803322A5F2A571A4F131A712377F8137EF80877F8087EB72863F86F
:2016EC00042A5F3A571A4F131A472A5F5621020019E57DF80877E17CF80777F8007E9120F5
:20170C0029237E902024F8062A5F561AF80022131A327EF80777F8017EF80877F8022A5F4A
:20172C0056F8072A12137E12182FF8062A5F5621020019E57DF80677E17CF80577F808352C
:20174C001897F8047EF807322B7EF80877F8022A5F56F8072A12137E12E809C9E8F3F818A7
:20176C002A4F46CB21CB10F8132A5F5621080019E57DF80C77E17CF80B77F819CB7E280D68
:20178C00F80A2A5F561A6F131A670918042119C409AFF533E5F8192A5F3A2B57D57EF53386
:2017AC001E02212A6DCD253AE808C5F81A7EB7CA7118F8013AB6CA7118F8137EF80277F89C
:2017CC00147EF80377F8132A4F4603030AE0900AEA0020F81A7EF80C322B7EF80477F80BB6
:2017EC007EF80577F80C7EB7287BF8027EF80677F8037EF807322A5F561A6F131A672A66EC
:20180C004F44CB21CB10CB7C2810F8042A5F561A6F131A67092A4F7E18072119C4092A4F4C
:20182C007EF808712377D1D5210800194D4459501AF80A22131A322A5F5613137B02037A55
:20184C0002F8082A4F2A472A666F792270F8062A5F561A4F131A4703033A6E67792270F8B4
:20186C000C35C3F017E80DC9E8F4F8122A4F4603030AE0900AEA0020F8122A5F5621080048
:20188C0019E57DF80477E17CF803322A5F2A571A22131A77F8127EF80677F8137EF8073223
:2018AC002A5F561AF80A22131A322A4F4603F8062A666F792270F80A2A5F561A2116C47769
:2018CC00CB7ECABE1D7EEE80D677DAE8235E3EFF5796CB7B2807CB7A2008BF1805CB7A283D
:2018EC000137DAE823FA16C4C6094F060021031909094E236669E91519DA19AF1A541BF105
:20190C001B5B1CF71C4C1D7A1DF8062A5F561A6F131A4D4703E5F8085E23666B712370E1D0
:20192C00677EEA16C4F8062A5F561A6F131A672A666FCB7C280D294D44F8042A666F094D72
:20194C00441807291119C4194D4459501AF80822131A77FA16C44FD649284079FE69280616
:20196C00D675281D1853F8022A5F561A4F131A47F8082A5F561A5F079F577B02037A021841
:20198C0038F8022A5F561A4F131A47F8082A5F561A5F16007B02037A02181EF8022A5F56D4
:2019AC001AF80A22131A77F8082A4F4669602A4F46F80A2A666F792270F8062A5F561A4FA0
:2019CC00131A4703033A6E67792270C3A91DF8062A5F561A6F131A4D4703E5F8085E2366E8
:2019EC006B712370E1677EEA16C4FA16C44FD649286A79FE692807D6752832C39A1AF806E5
:201A0C002A5F561A4F131A4759501AF80A22131A77F8022A5F561A4F131A470B0B3A6E6798
:201A2C007922700AF80A5E23666B771861F8062A5F561A4F131A4759501AF80A22131A77FC
:201A4C00F8022A5F561A4F131A470B0B3A6E677922700AF80A5E23666B771832F8062A5FEE
:201A6C00561A4F131A4759501AF80A22131A77F8022A5F561A4F131A470B0B3A6E67792226
:201A8C007069602A4F46F80A2A666F792270F8062A5F561A4F131A4703033A6E677922705C
:201AAC00C3A018F8062A5F561A6F131A4D4703E5F8085E23666B712370E1677EEA16C4FAB6
:201ACC0016C44FD649284F79FE692806D67528251861F8022A5F561A4F131A47F8062A5FDF
:201AEC00561A6F131A672A666F7E5F079F577B02037A02183EF8022A5F561A4F131A47F88E
:201B0C00062A5F561A6F131A672A666F5E16007B02037A02181DF8022A5F561A4F131A475D
:201B2C00F8062A5F561A6F131A672A666F2A6602037C02F8062A5F561A4F131A4703033A93
:201B4C006E67792270C3A91DF8062A5F561A6F131A672A4F46CB782816CB21CB10F8042AE9
:201B6C00666F09E57DF80C77E17CF80B77180F7987CB10C6194F78CEC4F80A712377F80A7E
:201B8C002A5F561A4F131A47CB782816CB21CB10F8042A666F09E57DF80C77E17CF80B777D
:201BAC00180F7987CB10C6194F78CEC4F80A712377F8022A5F561A4F131A470B0B3A6E67F7
:201BCC0079227069602A4F46F80A2A666F792270F8062A5F561A4F131A4703033A6E677912
:201BEC002270C3A018F8062A5F561A6F131A672A4F46CB782816CB21CB10F8042A666F09C7
:201C0C00E57DF80C77E17CF80B77180F7987CB10C6194F78CEC4F80A712377F8022A5F56E4
:201C2C001A4F131A470B0B3A6E6779227069602A4F46F80A2A666F792270F8062A5F561A00
:201C4C004F131A4703033A6E67792270C3A018F8062A5F561A6F131A672A4F46CB782816E0
:201C6C00CB21CB10F8042A666F09E57DF80C77E17CF80B77180F7987CB10C6194F78CEC49F
:201C8C00F80A712377F80A2A5F561A4F131A47F8022A5F561AF80822131A77CB782816CB68
:201CAC0021CB10F8042A666F09E57DF80C77E17CF80B77180F7987CB10C6194F78CEC4F832
:201CCC000A712377F80A2A5F561A4F131A47F8082A666F792270F8062A5F561A4F131A4761
:201CEC0003033A6E67792270C3A91DF8062A5F561A6F131A672A4F46F8022A5F561AF80A81
:201D0C0022131A77CB78280ECB21CB10F8042A666F094D4418096960291119C4194D446908
:201D2C00602A4F46F80A2A666F792270F8062A5F561A4F131A4703033A6E67792270185D1D
:201D4C00F8022A5F561A4F131A47F8062A5F561A6F131A672A6602037C02F8062A5F561ABD
:201D6C004F131A4703033A6E67792270182FF8062A5F561A6F131A4D4703E5F8085E236637
:201D8C006B712370E1677EEA16C4F8022A5F561A6F131A67FA16C44F079F712377F8022A50
:201DAC005F561A4F131A4703033A6E67792270C3A018F8022A5F561A4F131A4711040079A6
:201DCC00935F789AF80B327B222B2A5F5621020019E57DF80877E17CF80777FA16C44F3ECE
:201DEC001B91DAE823060021FD1D09094E236669E9D123351E731EBF1E041F501F951FCC03
:201E0C001F09203E2059208F20C320EB2013213B217321AB21DD2121226522B62208233E01
:201E2C0023572370238923B023F80A2A5F561AF80022131A77F8062A5F2A571A22131A7746
:201E4C00F8007EF80896200AF8017EF809963E012801AFF809773A22AF222A5F56F8087E19
:201E6C001213AF12C3D323F80A2A5F561AF80022131A77F8062A5F2A571A22131A77F8001E
:201E8C005D54F8081A1396231A9E1A57CB7E2807CB7A2008BF1805CB7A2801373E0017F8C3
:201EAC0009773A22AF222A5F56F8087E1213AF12C3D323F80A2A5F561A4F131A47F8062A87
:201ECC005F561A6F131A6758547D917C98CB7B2807CB7A2008BF1805CB7A2801373E00179E
:201EEC00F809777EEE01773A22AF222A5F56F8087E1213AF12C3D323F80A2A5F561AF8005E
:201F0C0022131A77F8062A5F2A571A22131A77F8085D54F8001A1396231A9E1A57CB7E28DE
:201F2C0007CB7A2008BF1805CB7A2801373E0017F809773A22AF222A5F56F8087E1213AF75
:201F4C0012C3D323F80A2A5F561A4F131A47F8062A5F561A6F131A675C507995789CCB7BDE
:201F6C002807CB7A2008BF1805CB7A2801373E0017F809777EEE01773A22AF222A5F56F883
:201F8C00087E1213AF12C3D323F80A2A5F561A4F131A47F8062A5F561A6F131A677D91202A
:201FAC00067C903E012801AFF809777EEE01773A22AF222A5F56F8087E1213AF12C3D32367
:201FCC00F80A3A2B77F80B3A2B222A5F3A571A22131A773AB6280CF8062A5F561A4F131AFC
:201FEC00B12006F80B36001804F80B3601F80B4E0600F8082A666F792270C3D323F80A3A19
:20200C002B77F80B3A2B222A5F3A571A22131A773AB6200FF8062A5F561A4F131AB1200328
:20202C004F18020E010600F8082A666F792270C3D323F8062A5F561A4F131AB1D6013E001A
:20204C00174F06003A6E67792270C3A018F80A2A5F561AF80022131A77F8062A5F2A571A98
:20206C0022131A322A5F56E1E519E57DF80877E17CF80777F80A2A5F56F8062A12137E12AB
:20208C00C3D323F80A2A5F561AF80022131A77F8062A5F2A571A22131A77D1D53A6E677BAA
:2020AC00955F7A9CF8073273F80A2A5F56F8062A12137E12C3D323F80A2A5F561AF80822D2
:2020CC00131A322B2B2A5F2A571A4F131A472A5F56CDF00EF80A2A666F792270C3D323F8F1
:2020EC000A2A5F561AF80822131A322B2B2A5F2A571A4F131A472A5F56CD2406F80A2A66AB
:20210C006F792270C3D323F80A2A5F561AF80822131A322B2B2A5F2A571A4F131A472A5F3E
:20212C0056CD2D06F80A2A666F792270C3D323F80A2A5F561AF80022131A77F8062A5F2A0E
:20214C00571A22131A77F8007EF808A62B2B77F8017EF809A62B2B77F80A2A5F56F8062A5F
:20216C0012137E12C3D323F80A2A5F561AF80022131A77F8062A5F2A571A22131A77F8004C
:20218C007EF808B62B2B77F8017EF809B62B2B77F80A2A5F56F8062A12137E12C3D323F8C8
:2021AC000A2A5F561AF80022131A77F8062A5F2A571A22131A327EF800AEF808227EF801F2
:2021CC00AEF809222A5F56F8082A12137E12C3D323F80A2A5F561AF80022131A77F8062ACA
:2021EC005F2A23571A777EE60F777EF5F8027EF80A77F8037EF80B77F13C1807F808CB26C1
:20220C0023CB163D20F6F80A2A5F56F8082A12137E12C3D323F80A2A5F561AF80022131AA0
:20222C0077F8062A5F2A23571A777EE60F777EF5F8027EF80A77F8037EF80B77F13C1807D2
:20224C00F809CB3E2BCB1E3D20F6F80A2A5F56F8082A12137E12C3D323F80A3A2B77F80BA7
:20226C003A2B222A5F3A571A22131A77F8062A5F561A4F131A47F80A2A917E985678CB7F2C
:20228C002807CB7A2008BF1805CB7A280137380CF8062A5F561AF80A22131A77F8082A5F89
:2022AC002A572A12137E12C3D323F80A3A2B77F80B3A2B222A5F3A571A22131A77F8062A6F
:2022CC005F561A4F131A47F80A799623789E7857CB7E2807CB7A2008BF1805CB7A280137E1
:2022EC00380CF8062A5F561AF80A22131A77F8082A5F2A572A12137E12C3D323F8062A5FA6
:20230C002A571A22131A222A5F561AF80622131A322A4F2A472A5F56D5C51E0421CA71CD7F
:20232C00253AE8044F0600F80A2A666F792270C3D323F8062A5F561A4F131A5957CDFC3709
:20234C00F8062A666F792270C3A018F8062A5F561A4F131A47792F4F782F473A6E677922A5
:20236C0070C3A018F8062A5F561A4F131A47AF914F9F90473A6E67792270C3A018F8062AEA
:20238C005F561AF80A22131A322A5F56D51E05217476CD253AE14F0600F8062A666F792203
:2023AC0070C3A018CD46374B42F8062A5F561A6F131A6759504D44CD4E06F8062A666F7984
:2023CC002270C3A0181815F8022A5F561A4F131A470B0B3A6E67792270C3A018E80CC93B5E
:2023EC003BF80A2A4F46CB21CB10CB7E2811F8082A5F56210800192A666F094D4418062193
:20240C0019C4094D44F80D7EE090EA0020F80C7EB7200D23232A5F561AF800223600180C23
:20242C00F80E2A5F561AF80022131A77F8002A02037E023333C9F8082AE090EA00202A66C9
:20244C006FE9F8062A666FE523233AE090EA00203A6E67E7D1E1732372C9424B1A6F131A80
:20246C0067131AE090EA00202AB7C80817C4C5E526006F29292B111602193AE0953AE0945B
:20248C003A474EE1F095CB3F30045623D533280856235E23D53D20F8545D2117C42A666F3C
:2024AC002B3A6E67E57B22722117C42A666FE5E5F094E090EA00206069E7E1F93E01C93B52
:2024CC00F090E096FA0FC4B72011210BC42277FA07C4EA0DC4FA08C4EA0EC4211DD2360173
:2024EC00211ED23610210EC43AB6CA2A26AFEA11C4FA0DC4210EC4666F111000193600FA11
:20250C000DC44F210EC446210F00097EB72015FA0DC45F210EC456CD6624210DC44E234640
:20252C00B7C2D525211100095E210FC47E9377210D00092A4F4678B1280C69602A666FCB21
:20254C00FC7D02037C02210CC43AB628172A464F030303FA0DC4210EC4666F2323232A66FF
:20256C0002037C02FA0DC4210EC4464F030303FA07C4210DC4962013FA08C4210EC4962081
:20258C000A59501A2107C422131A77FA09C40203FA0AC402FA0DC4EA09C4FA0EC4EA0AC414
:2025AC00210CC43AB628132A464F03030359501A210DC422131A77C3F124FA07C4EA0DC458
:2025CC00FA08C4EA0EC4C3F124FA11C4B7280DF096E090F096EA00203E03185C2110000965
:2025EC005D541AB72011FA1ED2F80077211ED235F8007EB7C2F124FA0FC4B720211A211D5C
:20260C00D2A677210BC479227003030359501A210DC422131A77211ED23610C3F124F0968B
:1A262C00E090F096EA00202108C43AB6280AFA1DD2B73E0120023E0233C948
:20A08500E8FCF80A2A5F56210800194D4459501AF80022131A77D1D513137B02037A02F8E2
:20A0A5000A7EF80277F80B7EF803322A5F561A4F131A47E1E5792270F8022A5F56F80C2A60
:20A0C50012137E12E804C9E8FCF80A2A5F562108001933335D54D51A4F131A470B0BE1E565
:20A0E500792270F80A7EF80277F80B7EF8037769602A4F46F8022A666F792270F80C7EB7A7
:20A105002817D1D51A4F131A475EAF6B672979954F789C47E1E5792270E804C9E8FAF80C4C
:20A125002A5F56210800194D4459501AF80022131A77D1D5131369607B2272F80C7EF802C7
:20A1450077F80D7EF803322A5F2A571A22131A32D1D52A12137E1259501AF80022131A7728
:20A16500D1D513137B02037A02F80C2A4F4603030AF80422AF32D1D53A2B1213AF122A5FC6
:20A1850056F80F2A12133A2B127E02E806C9E8FCF80A2A5F562108001933335D54D51A4F04
:20A1A500131A470B0BE1E5792270F80A2A5F5613130A12D1D51A4F131A470B0BE1E5792222
:20A1C50070F80A7EF80277F80B7EF8037769602A4F46F8022A666F792270F80C7EB7281722
:20A1E500D1D51A4F131A475EAF6B672979954F789C47E1E5792270E804C9F8062A4F4621B3
:20A205000800094D442A6E675C5513137B02037A025C55F8082A12137E12C93B3BF8082ACC
:20A225004F46210800093333E5F80A7EB72818D1D51A4F131A475E16006B622979954F78CE
:20A245009C47E1E5792270D1D51A6F131A672A4F4659503333C93B3BF8082A5F2A572A4FF2
:20A2650046CB21CB10210800193333E5F80BCB7E280CD1D51A6F131A67094D44180621190A
:20A28500C4094D446960233A6EB52819F8082A5F56F80C2A12137E1269602A666F2B7D029D
:20A2A500037C02181FF80E7EB72819D1D51A4F131A475E1600CB23CB1279934F789A47E10E
:20A2C500E57922703333C9F8062A4F2A472A02037E02C9E8FCF80A2A5F562108001933338D
:20A2E500E5F80C7EB7281CD1D51AF80222131A77F80D2A4F4669602A4F4603F8022A666F2F
:20A30500792270D1D51A4F131A4769602A666F2B7D02037C027CB5280FF80A2A5F5621103D
:20A32500001936011E0018021E01E804C9E8F4F8127EF80077F8137EF80177F8182A4F4621
:20A34500CB21CB10D1D521080019E57DF80477E17CF80377F819CB7E280FF8022A5F561A21
:20A365006F131A67094D7C18062119C4097C4DF804712377D1D521050019E57DF80877E16F
:20A385007CF807322A5F2A571A22131A77F8152A4F46D1D521070019E57DF80C77E17CF83C
:20A3A5000B77F8087E912010237E90200BF80A2A5F561AF814962815F8062A666F79227099
:20A3C500F80A2A5F56F8147E12160118021600217DDB792270F8147EEA7FDB018E38F81291
:20A3E5002A5F7EF5F8062A666FF1E5D53357D56960CD9539E8057BB72836F8177EB7281FE9
:20A40500F8022A5F561A4F131A47F8175EAF6B672979954F789C47F8022A666F792270F8B6
:20A42500062A666FAF2277F80A2A666F36001812C1C569602A66C6F95F7CCEFF577B02034C
:20A445007A02E80CC93B3BF80A2A4F46CB21CB10CB7E28172B2B2B2A5F5621080019333330
:20A465005D54D51A6F131A670918042119C4092AAFB62020F8082A4F4669602A66C6FD5FFF
:20A485007CCEFF577B02037A02F8082A5F562110001936013333C9F8082A4F46CB21CB1006
:20A4A500CB7E280FF8062A5F56210800192A666F0918042119C4097EF5331E02218F6ECD1C
:20A4C500253A33C9E8F9F80D2A5F2A23572A4F46CB21CB10210800193333E5F811CB7E287C
:20A4E50013D1D51A6F131A67095D541AF80222131A77180D2119C4095D541AF80222131AAD
:20A5050077F8122A4F46CB21CB10CB7E280DD1D51A6F131A67092A4F4618072119C4092AD6
:20A525004F46F80436003E06F80F96DAC565F8027E912007237E903E012801AFF80577F886
:20A54500022A917E985678CB7F2807CB7A2008BF1805CB7A2801373E0017F80677F80279B1
:20A565009623789E7857CB7E2807CB7A2008BF1805CB7A2801373E00174FF80F5E16002192
:20A585008E6519195E23666BE9C5659C65A265A965B165B665BF65F8053A771823F8063AA0
:20A5A5002B77181C79EE01F804771814F80471180FF8063A2BEE01771806F8053AEE0177A1
:20A5C500F8047EB7280CF80D2A4F46F8142A02037E02F8167EB72817D1D51A4F131A475E2F
:20A5E500AF6B672979954F789C47E1E5792270E807C9E8FBF80B2A5F2A23572A4F46CB21AD
:20A60500CB10210800193333E5F80FCB7E280DD1D51A6F131A67092A4F4618072119C40997
:20A625002A4F46F80236003E06F80D96DAC666F8107E912007237E903E012801AFF8037749
:20A64500F810799623789E7857CB7E2807CB7A2008BF1805CB7A2801373E0017F80477F8B0
:20A66500102A917E985678CB7F2807CB7A2008BF1805CB7A2801373E00174FF80D5E1600A2
:20A68500218F6619195E23666BE9C6669D66A366AA66B266B766C066F8033A771823F804AC
:20A6A5003A2B77181C79EE01F802771814F80271180FF8043A2BEE01771806F8033AEE01E5
:20A6C50077F8027EB7280CF80B2A4F46F8122A02037E02F8147EB72817D1D51A4F131A471D
:20A6E5005EAF6B672979954F789C47E1E5792270E805C9E8FCF80A2A4F46210800093333D1
:20A705005D54D51AF80222131A77F80C2A4F46CB21CB10CB7E280AF8022A666F094D441824
:20A72500062119C4094D4469602A4F46F8022A666F792270D1D51A4F131A470303E1E57922
:20A745002270E804C9E8FCF80A2A5F2A572A4F46CB21CB102108001933335D54D51AF802F5
:20A7650022131A77F80DCB7E280AF8022A666F094D4418062119C4094D4469602A4F46F8C5
:20A785000C792270CB21CB10CB7E280AF8022A666F094D4418062119C4094D4469602A4FD0
:20A7A50046F8022A666F792270D1D51A4F131A470303E1E5792270E804C9E8FCF80A2A4FDC
:20A7C500462108000933335D54D51AF80222131A77F80DCB7E281CF8022A4F4679D6194F34
:20A7E50078DEC447CB38CB19F80C2A5E814F7B88471805F80C2A4F46F8022A666F79227082
:20A80500D1D51A4F131A470303E1E5792270E804C93B3BF8082A4F46210800094D44595083
:20A825001AF80022131A77F80A7E5F079F57CB23CB12E1E5195D547B02037A023333C9E8F1
:20A84500FAF80C2A5F2A572A4F46CB21CB10210800193333E5F80FCB7E2819D1D51AF8028D
:20A8650022131A322A666F09E57DF80677E17CF80577180B2119C4094D7CF804712377F8B0
:20A88500102A4F46CB21CB10CB7E280AD1D51A6F131A670918042119C4092A4F46F8042ACE
:20A8A500666F792270E806C9F8082A4F46CB21CB10CB7E2811F8062A5F56210800192A6645
:20A8C5006F094D4418062119C4094D44F80A2A02037E02C9E8FAF80E2A4F3A2B2B47CB2116
:20A8E500CB102A5F56210800193333E5F80FCB7E2819D1D51AF80222131A322A666F09E553
:20A905007DF80677E17CF80577180B2119C4094D44F804792270F8102A4F46CB21CB10CB54
:20A925007E280AD1D51A6F131A6709181CF80C2A5F56210A0019E57DF80477E17CF80332DC
:20A945002A5F561A6F131A67092A4F46F8042A666F792270E806C9F8087E0F3003CDBD0126
:20A9650040C9F8062A4F46211000093601C9F8082A4F46CB21CB10CB7E2810F8062A5F56EE
:20A98500210800192A666F094D18052119C4094D692A4F46C5CD7137E1C9F8082A4F46CB14
:20A9A50021CB10CB7E2811F8062A5F56210800192A666F095D5418062119C4095D54D5CDC4
:20A9C5004637D5F8104EF81146D1CD4E06D1F80A2A666F094D447912137812C9F80A2A4FB1
:20A9E50046CB21CB10CB7E2811F8062A5F56210800192A666F094D4418062119C4094D4455
:20AA050069602A666FFAA3C0E521A4C056E1957A9CD680380DF8062A4F46F80C2A02037EB7
:20AA250002C9FAA3C021A4C0565FF8082A666F195D547B02037A02C9F8062A4F4621110032
:20AA45000934210FC434C9F8062A4F46211100097EB7C83D77210FC435C93B3BF80A7EEA48
:20AA650011C4F80B7EEA12C4F8082A4F46595013131AEA13C469602A665F542114C47B22B0
:20AA85007259501AF80022131A77D1D5F80B6E2600195D547B02037A023333C9E8FAF80CA6
:20AAA5002A5F2A572A4F46CB21CB10210800193333E5F80FCB7E280AD1D51A6F131A670926
:20AAC50018042119C4092A664F44CB21CB10CB7C2819D1D51AF80222131A322A666F09E5B4
:20AAE5007DF80677E17CF80577180B2119C4094D7CF804712377F8102A4F46CB21CB10CB3B
:20AB05007E280AD1D51A6F131A670918042119C4092A4F46F8042A666F792270E806C9E82D
:20AB2500FAF80C2A5F2A572A4F46CB21CB10210800193333E5F80FCB7E2819D1D51AF802AA
:20AB450022131A322A666F09E57DF80677E17CF80577180B2119C4094D7CF804712377F8CD
:20AB6500102A4F46CB21CB10CB7E280AD1D51A6F131A670918042119C4092A664F44CB21C1
:20AB8500CB10CB7C280AD1D51A6F131A670918042119C4092A4F46F8042A666F792270E8C0
:20ABA50006C9F8082A4F46CB21CB10CB7E280FF8062A5F56210800192A666F09180421193E
:20ABC500C409FA10C40E002271AFEA10C4C9F8082A4F46CB21CB10CB7E280FF8062A5F561B
:20ABE500210800192A666F0918042119C4095D54010000F80C7E912004237E90C8F80A2AD5
:20AC050012137E12130318EBE8FAF8127EF80077F8137EF80132CB2623CB16F80C2A5F56FC
:20AC2500F8102A4F46CB21CB1021080019E57DF80477E17CF80377F811CB7E280FF8022AEE
:20AC45005F561A6F131A67094D7C18062119C4097C4DF804712377F80E2A4F46CB21CB10CA
:20AC6500CB7E280DF8022A5F561A6F131A670918042119C4095D54C1C5C5F8062A4F46CDA9
:20AC85008110E806C9E8FDF8097EB7282211000ED5110000D51119C4D5CD9639E80611309A
:20ACA50001D5110000D511D7C2D5CD9639E8060119CA2109C43ED72236C2AF2107C4227795
:20ACC500AFF800227711F4C3233610F8027EB728386B62232323E5F8027EE122E5F8037E7B
:20ACE500E177210A0019792270210C0019E5F8047EE177218000094D443333D57BC6ED5FA8
:20AD05007ACEFF57F8023518C2AFEA0FC4EA10C4AF210BC42277FA07C4EA0DC4FA08C4EAF5
:20AD25000EC4E803C9E8F3210AC43AB62006010000C38C6EFA09C44F210AC446F80279220A
:20AD45007021030009E57DF80B77E17CF80A322A5F561A2109C422131A775950F8142A1246
:20AD6500133A2B12595013137E1221080009E57DF80677E17CF80577210A00095D541AF814
:20AD85000B22131A77F8042A5F56F80B2A12137E12210D00095D54F8162A12137E123AB65B
:20ADA500280F2A5F56210C00096E26007D12137C12210F000936002111000936002112006B
:20ADC500093600210700093600F8092A666FAF22772108C43AB628252A4F46030303F80B8B
:20ADE500792278322A5F561A4F131A47B120ECF80B2A5F56F8022A12137E1218062107C4CB
:20AE0500792270F8187EB72879E5211A00395D54E16B6223E57DF80877E17CF80777F818A5
:20AE25007EF80C77F80C7EB72858F8042A5F561AF80822131A322A4F460303F8042A666F25
:20AE4500792270F8062A5F56210200193333E5F8007EF80677F8017EF80777D1D5210200DD
:20AE65007B955F7A9CF80B327B222B2A5F3A571A22131A77F8082A5F2A572A12132A123587
:20AE850018A2F8022A4F46E80DC9FA07C4EA19D2FA08C4EA1AD2211AD23AB628532A4F460F
:20AEA500210C00095EF8067E932036210D00092A4F4678B1281B69602A666FCBFC7D020321
:20AEC5007C02FA19D24F211AD246210D0009AF2277FA19D2211AD2666F110F00193E017733
:20AEE500C903030359501A2119D222131A7718A6AFC9FA07C4EA1BD2FA08C4EA1CD2211C39
:20AF0500D23AB628272A4F46210C00095EF8067E93200A210D0009AF22773E01C9030303FF
:0EAF250059501A211BD222131A7718D2AFC925
:20264600E8FCF090F8007721C6D63AB6CA01272A4F46212600095D541AE0901AEA00202173
:202666002700095D541AF80222131A776960232A666F2929297C2172D75E93F8025E23667B
:202686006B235E83EABDD669602323232A666F2929297C2174D74E91F8025E23666B232343
:2026A6004E81EABED63E02E090EA002021C7D67ED60F30103E6A864F3E6FCE00470A21BE84
:2026C600D64E8177F040CB57280511796F180311856FFABED647FABDD66FFAC9D64FFAC8C5
:2026E600D6EA8BDB7BEA89DB7AEA8ADBAFEA8CDB505D79CD441021C9D68677FAD3DAB7209A
:2027060008F04B473E07903803AF18023E01EAD3D6211FD24E79E642C205282120D22A66EB
:202726006F292929CB4128137CEABDD62122D22A666F2929297CEABED6182CFA76D74F7C8A
:2027460091EABDD62122D22A4F46CB38CB19CB38CB19CB38CB19CB38CB19CB38CB19792174
:2027660078D74E91EABED621D3D6CB46283EFABDD626006F11080019F04B4F0600799578FC
:202786009C3029FABED60E00C6F84779CEFF4FF04A6F260059547D907C99CB7B2807CB7AB0
:2027A6002008BF1805CB7A2801373853FA45D2E090EA00202146D22A4F46FABED6F801775E
:2027C600FABDD6F80277FAC9D6F80377FA2DD2EA8BDB69602323232A4F46212ED26EAF670B
:2027E60029092A4F462189DB792270AFEA8CDBF8012A472A5F507ECD441021C9D6867711A2
:2028060055D21A21D1D622131A7721D2D63AB6CA34292A666F7EF803777EE642C21B29FA6E
:20282600D1D621D2D6466F60234F0303032A666F2929297CE5F805CB46E12811EABDD669A9
:20284600602A666F2929297CEABED618192176D75E93EABDD669602A666F292929FA78D705
:202866004F7C91EABED621D3D6CB46283EFABDD626006F11080019F04B4F06007995789C31
:202886003029FABED60600C6F84F78CEFF47F04A6F260058547D917C98CB7B2807CB7A2035
:2028A60008BF1805CB7A280137386AFAD1D64F21D2D646212600095D541AE0901AEA002039
:2028C600212700092A6E5F55FABED6F80177FABDD6F80277FAC9D6F80377210E00097EEAAE
:2028E6008BDB6B622323232A666F79C60F4F3001040A4F0600CB21CB10092A4E2189DB2217
:2029060071AFEA8CDBF8012A472A5F507ECD441021C9D68677FAD1D621D2D6666F1136001B
:20292600195D541A21D1D622131A77C31028F8007EE0907EEA0020E804C9E8FBF80373238D
:20294600722B2B222A5F56211000194D440A57D5F8052A5F5621110019D13333E5F8027EDC
:20296600922008D1D51AF807962817F8032A5F56210F00195D54F8027E127E02D1D5F80780
:202986007E12E805E133E9210500194E211400197121160019CB210600094D44030A470437
:0729A6007EC533CD4029C9B5
:20AF3300AF21BBD62277AF21B7D62277AF21B9D62277AFEAC1D6EAC2D6AF21C3D62277AFB3
:20AF530021C5D62277119804D5110000D5111FD2D5CD9639E806C9020100FFFEFDFCFBFA09
:20AF7300FBFCFDFEFF00080800070008020780000000080800070008020708F801070008ED
:20AF9300030780000000111FD2CD8D29211FD27EE6B877CBDEC93B3B2176D72A4F46CB28E2
:20AFB300CB19CB28CB19CB28CB19CB28CB1979C64021CAD6777EC610EACCD62178D72A4F95
:20AFD30046CB28CB19CB28CB19CB28CB19CB28CB1979C64021CBD6777EC60FEACDD6FAB872
:20AFF300C0EAD0D6FAB9D64F21BAD64678B1CA01710AE097211200097EFEFF282E21B8C093
:20B01300A62028210F00095D541A3CF801777E12211100097EF801962011F097CB572805A0
:20B033001A3D121806211000097E12F0975F213600093333E5CB432809D1D51A4F131A4759
:20B0530018AAFAD0D65F21D0D6347BE603C2F7706960232A7ECB3FC643EACED66960232350
:20B07300232A7ECB3F5F16007BC643EACFD6FACED621CAD696381BFACCD621CED6963812D7
:20B09300FACFD621CBD6963809FACDD621CFD6963047D1D51AF80022131A77210FC47ED62F
:20B0B300013E0017EE0120283E1F9120053ED2902806F097CB6728060ACBF7021816F097A5
:20B0D300CB7728056960CBB67E5950CD047118040ACBF702C1C5C3FF6FF097CB772805693B
:20B0F30060CBB67E213600092A4F46C3FF6F3333C9E8FAF8047B227A322A5F561A4FCB69BC
:20B11300CA2272F8047ED61F2007237ED6D2CA227279E6DF12F8042A5F5621340019333382
:20B133005D54D51A4F131A47F8042A5F5621360019E57DF80477E17CF8037778B128312BFD
:20B153002A5F561A6F131A67B5282511340019792270D1D51A4F131A47213600094D44F809
:20B17300022A5F561A6F131A677D02037C02183378B1281321360009AF2277D1D51A21B7CF
:20B19300D622131A77181CF8022A5F561A4F131A47B1280921340009AF22771806AF21B7E9
:20B1B300D62277F8022A666FAF2277D1D5FABBD61213FABCD61221BCD63AB6280F2A46C6C8
:20B1D300364F300104F8042A02037E02F8047EEABBD6F8057EEABCD6F8042A5F56212F00E0
:20B1F300192A4FCB7E200C79F5331E02218F6ECD253A33F8042A5F56213100192A666FCBE7
:20B213007C200C7DF5331E0221F76ECD253A33E806C9F8062A5F56C30471E8F84B42F80197
:20B23300792278322A5F2A571A77E660C20B74E5F805CB46E1C2D6726960232A7ECB3FC652
:20B2530043F8047769602323232A7ECB3FC643F805772176D72A5F56CB2ACB1BCB2ACB1BC1
:20B27300CB2ACB1BCB2ACB1B7BC640F80622C610772178D72A5F56CB2ACB1BCB2ACB1BCB47
:20B293002ACB1BCB2ACB1B7BC64057C60F5FF8042A23963810237EF804963809237E92389E
:20B2B300047B96301E3E1F9120053ED2902809E5F805CB66E1CA0B74F8033A2BCBF75E2354
:20B2D300666B77F8012A5F3A571ACBEF5E23666B77C55950CD8D29C12134000933335D543C
:20B2F300D51AF80622131A7721360009E57DF80477E17CF80377F8073AB6284BF8022A5F9F
:20B31300561A6F131A67B5283E113400195D54F8062A12133A12D1D51A22131A322A5F56C4
:20B3330021360019E57DF80677E17CF805322B2B2A5F561AF80622131A77F8042A5F2A570E
:20B353002A12137E12183BF8073AB628192A5F56213600195D54AF121312D1D51A21BBD620
:20B3730022131A77181CF8022A5F561A6F131A67B5280911340019AF22771806AF21BBD6BF
:20B393002277F8022A666FAF2277D1D5FAB7D61213FAB8D61221B8D63AB6280A2A666F11F3
:20B3B30036001979227021B7D6792270212F0009AF223680212C00097EF80577B72831210E
:20B3D3002F0009E57DF80877E17CF80777212D00092A6E5F55C5AFF533F8092A666FE5D57D
:20B3F300F80C7EF5331E02212A6DCD253AE806C121310009AF223680E808C9F8062A5F5665
:20B41300C32D72E8FDFABBD64F21BCD646F8097EC617F8007778B12837213400095D541A83
:20B43300F80122131A7769602323232A5EF80A7E9320166960232A5E7BF80996380B7BF8FB
:20B45300009630055950CD2D72F8012A4F4618C5E803C9E8FDFABBD64F21BCD646F80A7E78
:20B47300C615F8007778B12837213400095D541AF80122131A776960232A5EF8097E932059
:20B493001869602323232A5E7BF80A96380B7BF8009630055950CD2D72F8012A4F4618C589
:20B4B300E803C9FABBD64F21BCD64678B1C8213400092A666F0AE6112807E55950CD2D727A
:20B4D300E14D4418E63B3BF8082A4F46210F00093333E52110000956211100094E6A260087
:20B4F30079954F9F9447F80A5EAFD557CD2D06D17982E1E5773333C9F8062A4F46210F0002
:20B51300095E211000097B96C9F8062A5F56210500197EC6044F211400197121160019CB10
:20B53300210600094D44030A47047EC533CD4029C9F8062A5F56210500194D44F8082A0291
:20B553007EB728202B7EC6044F211400197121160019CB210600094D44030A47047EC53330
:20B57300CD4029C9F8084E2114001971211600197987854F3E008C4769602366240AE533DF
:20B59300CD4029C9E8FCFAB7D64F21B8D64678B12871F80C7EB720050ACB5F285D69602325
:20B5B3002A7EF8017769602323232A5EF80B7E932813AF5713F80B7EF80222AF327E93208F
:20B5D30039AF922035F80A7EF801962839F8015E1600D56B6223D13333E5F80A7EF802222F
:20B5F3003600F8002A239620062B2A239628171BF8027E932004AF92280C213400092A4F1E
:20B6130046188B010000E804C9E8F62120D22A4F463333C52122D22A4F46F802792270F8CC
:20B63300104EAFCB218FCB218FCB218FCB218FCB218FF804712377FA24D2F809773D200FA8
:20B65300C1C5F8042A666F094D443333C51868F8097ED603201AF8002A474E5851F8042AF9
:20B67300666F7B955F7A9C4F43F8007822711847F8097EB72013F8022A4F2A472A666F0914
:20B693004D44F802792270182EF8097ED6022027F8027EF80677F8037EF807322A5F56F8AF
:20B6B300042A666F7B955F7A9CF80932737EF80277F8097EF80377111FD20125D2F8117EE8
:20B6D300B72813D521020039E5C51E02219E7BCD253AE8061811D521020039E5C51E0221D1
:20B6F300147ACD253AE806E80AC9E8F02120D22A4F463333C52122D22A4F46F80279227026
:20B71300F8164EAF696729292929294D442124D25E7B3D200AE1E5094D443333C5184C7B1C
:20B73300D603200DE1E57D914F7C98473333C5183A7BB7200FF8022A666F094D44F802798E
:20B75300227018277BD6022022F8027EF80C77F8037EF80D322A5F2A23577B915F7A9832F1
:20B77300737EF80277F80F7EF803772155D22A4F46F8007EF80E77F8017EF80F772125D256
:20B793002A565FF80E2A666F195D7CF8047323772127D22A565FF80E2A666F195D7CF806C9
:20B7B300732377F8027EF80E77F8037EF80F772129D22A565FF80E2A666F195D7CF8087318
:20B7D3002377212BD22A565FF80E2A666F195D7CF80A73237778B1CABA78212900095E21C2
:20B7F300360009E57DF80E77E17CF80D777BB7200B2B2A5F561A4F131A4718D96960235DC1
:20B81300541AF80E22131A77210600092A565FF80E2A666F195D54F8062A937E9A300CF8F6
:20B833000C2A5F561A4F131A4718AA210800092A6E5F55F80E2A666F195D54F8047B9623EE
:20B853007A9E300CF80C2A5F561A4F131A47188569602323235D541AF80E22131A77210A30
:20B8730000092A565FF80E2A666F195D54F80A2A937E9A300C232A5F561A4F131A47C3E861
:20B8930077210C00092A6E5F55F80E2A666F195D54F8087B96237A9E3010F80C2A5F561A44
:20B8B3004F131A47C3E877010000E810C9E8F2F8153AB6280C2A4F46213600092A4F7E1895
:20B8D300062155D22A4F7EF8007123772120D22A4F462125D22A666F095D7CF8027323773B
:20B8F3002127D22A666F094D7CF8047123772122D22A4F462129D22A666F095D7CF8067301
:20B913002377212BD22A666F094D7CF808712377F8013AB6CA0E7AD1D51A4FD1D521360039
:20B9330019E57DF80C77E17CF80B77CB59200EF80A2A5F561AF80022131A7718D3C1C503A8
:20B9530059501AF80C22131A77D1D5210600192A4F46F80C2A666F094D44F8042A917E9838
:20B97300300EF80A2A5F561AF80022131A7718A0D1D5210800192A4F46F80C2A666F094D05
:20B9930044F802799623789E300FF80A2A5F561AF80022131A77C32379C1C503030359507F
:20B9B3001AF80C22131A77D1D5210A00192A4F46F80C2A666F094D44F8082A917E98300E3B
:20B9D300232A5F561AF80022131A77C32379D1D5210C00192A4F46F80C2A666F094D44F8DB
:20B9F30006799623789E300FF80A2A5F561AF80022131A77C32379C1C51803010000E80EF7
:20BA1300C9E8F4011FD2F8142A5F561AF80A22131A77F8127EF80677F8137EF807322A5F6F
:20BA3300561A6F131A5D57F80A2A666F195D7CF800732377F8062A666F23232A565FF80A17
:20BA53002A666F195D7CF802732377F8142A666F23235D541AF80822131A77F8062A5F561C
:20BA730021040019E57DF80C77E17CF80B322A5F561A6F131A5D57F8082A666F195D7CF8D4
:20BA9300047323222A5F5621060019E57DF80C77E17CF80B322A5F561A6F131A5D57F80800
:20BAB3002A666F195D7CF80673237778B1CA987B21360009E57DF80A77E17CF80977F81653
:20BAD3007E912005237E9028050ACB5F200CF8082A5F561A4F131A4718D16960235D541A05
:20BAF300F80A22131A77210600092A565FF80A2A666F195D54F8022A937E9A300CF8082A5C
:20BB13005F561A4F131A4718A2210800092A565FF80A2A666F195D54F8007B96237A9E3076
:20BB33000DF8082A5F561A4F131A47C3BE7A69602323235D541AF80A22131A77210A000935
:20BB53002A565FF80A2A666F195D54F8062A937E9A300C232A5F561A4F131A47C3BE7A211E
:20BB73000C00092A6E5F55F80A2A666F195D54F8047B96237A9E3010F8082A5F561A4F13A3
:20BB93001A47C3BE7A010000E80CC9E8F2F800361F2336D2F8162A5F561AF80C22131A7755
:20BBB300F8142A4F4669602A665F54F80C2A666F195D7CF802732377696023232A6E5F5544
:20BBD300F80C2A666F195D7CF804732377F8162A666F23235D541AF80C22131A7721040047
:20BBF300092A565FF80C2A666F195D7CF806732377210600092A4F46F80C2A666F094D7C86
:20BC1300F808712377F8013AB6CA0B7DD1D521360019E57DF80C77E17CF80B77F8007EF893
:20BC330018962016F8017EF81996200EF80A2A5F561AF80022131A7718CBC1C50359501AD9
:20BC5300F80C22131A77D1D5210600192A4F46F80C2A666F094D44F8042A917E98300EF8C2
:20BC73000A2A5F561AF80022131A771898D1D5210800192A4F46F80C2A666F094D44F80202
:20BC9300799623789E300FF80A2A5F561AF80022131A77C3187CC1C503030359501AF80CA4
:20BCB30022131A77D1D5210A00192A4F46F80C2A666F094D44F8082A917E98300E232A5FAA
:20BCD300561AF80022131A77C3187CD1D5210C00192A4F46F80C2A666F094D44F806799677
:20BCF30023789E300FF80A2A5F561AF80022131A77C3187CC1C51803010000E80EC93B3BD2
:20BD1300FAC2D6B7207C21C4D63AB628752A666F113300195E7BE60F28702148D24E79B768
:20BD330028287BE60FF8002236002149D22A46D1D5D52601E533110000D55F50D579F5336F
:20BD53001E02212A6DCD253AE808FAC3D65F21C4D656212900194678B72820212A00192A2B
:20BD7300666F110000D53E01F533110000D5E5C5331E02212A6DCD253AE80821C2D63614D4
:13BD9300180821C2D67EB7280135AF21C3D622773333C900
:20C00000000000000000000000000000000000000000000000000000000000000000000020
:20C02000000102030405060708090A0B0C0D0E0F101112131415161718191A1B1C1D1E1F10
:20C04000202122232425262728292A2B2C2D2E2F303132333435363738393A3B3C3D3E3FF0
:20C06000404142434445464748494A4B4C4D4E4F505152535455565758595A5B5C5D5E5FD0
:20C08000605F0C61626364653E666768695F6A5F5F6B6C6D026E6F7071726773745F6A7581
:20C0A0005F767778797A7B7C7D7E7F80815F82838485868788898A8B8C8D848E5F5F5F8FE0
:20C0C000909192939495969798999A9B9C9D9E9FA0A1A2A3A4A5A658A7A8A9AAABACADAEC7
:20C0E000AFB0B1B2B3B4B5B6B7B8B9BA9C9D9E9FBBBCBDBEBFC0C1C2C3C4C5C6C7C8C9CA2C
:20C1000000000000000000000000000000000000000040404040404040400000404000009F
:20C1200000006C6C242448480000000000000000000024247E7E242424247E7E2424000037
:20C14000101038385454505038381414545438380000000024240808101024240000000097
:20C160000000303048485050202054544848343400001818080810100000000000000000EF
:20C1800000000808101010101010101008080000000010100808080808080808101000007F
:20C1A0000000000010105454383854541010000000000000101010107C7C10101010000007
:20C1C000000000000000000060602020404000000000000000007C7C0000000000000000E7
:20C1E0000000000000000000000000004040000000000202040408081010202040400000C3
:20C2000000003C3C626252524A4A46463C3C00000000181828280808080808083C3C00007E
:20C2200000003C3C424202023C3C40407E7E000000007C7C02020C0C020202027E7E0000F2
:20C2400000004040404048487E7E08080808000000007E7E40407C7C020202027C7C0000BE
:20C2600000003C3C40407C7C424242423C3C000000007E7E020204040808101020200000D6
:20C2800000003C3C42423C3C424242423C3C000000003C3C424242423E3E02023C3C000032
:20C2A0000000181818180000000018181818000000001818181800001818181808081010CE
:20C2C000000000000C0C3030404030300C0C00000000000000007C7C00007C7C00000000FE
:20C2E0000000000060601818040418186060000000003030484808083030000020200000B6
:20C3000000001C1C22224D4D555555552E2E000000003C3C424242427E7E424242420000D3
:20C3200000007C7C42427C7C424242427C7C000000003C3C42424040404042423C3C000091
:20C3400000007C7C42424242424242427C7C000000007E7E40407C7C404040407E7E00006D
:20C3600000007E7E404040407C7C40404040000000003C3C424240404E4E42423E3E0000B1
:20C3800000004242424242427E7E42424242000000007C7C10101010101010107C7C00009D
:20C3A00000007C7C1010101010101010606000000000444448485050707048484444000095
:20C3C0000000404040404040404040407E7E00000000424266665A5A424242424242000051
:20C3E00000004242626252524A4A46464242000000003C3C42424242424242423C3C0000AD
:20C4000000007C7C424242427C7C40404040000000003C3C424242424A4A44443A3A000014
:20C4200000007C7C424242427C7C42424242000000003E3E40403C3C020242423C3C000088
:20C4400000007C7C1010101010101010101000000000424242424242424242423C3C000038
:20C460000000444444444444282828281010000000004242424242425A5A666642420000D4
:20C4800000004242242418181818242442420000000044442828101010101010101000004C
:20C4A00000007C7C04040808101020207C7C00000000181810101010101010101818000034
:20C4C0000000404020201010080804040202000000001818080808080808080818180000C0
:20C4E000000010102828000000000000000000000000000000000000000000003C3C000054
:20C5000000002020101000000000000000000000000000003C3C444444444C4C3434000033
:20C5200000004040787844444444444478780000000000003C3C4040404040403C3C000093
:20C54000000004043C3C4444444444443C3C000000000000383844447C7C40403C3C000063
:20C5600000003838404040407878404040400000000000003838444444443C3C040478786B
:20C5800000004040787844444444444444440000000010100000101010101010101000006B
:20C5A00000000808000008080808080808083030000040404444484870704848444400003B
:20C5C00000001010101010101010101010100000000000006C6C5454444444444444000083
:20C5E0000000000058586464444444444444000000000000383844444444444438380000B3
:20C6000000000000787844444444444478784040000000003C3C4444444444443C3C040492
:20C6200000000000585864644040404040400000000000003C3C40403838040478780000A2
:20C6400000004040404078784040404038380000000000004444444444444C4C34340000E2
:20C66000000000004444444428282828101000000000000044444444444454546C6C0000D2
:20C68000000000004444282810102828444400000000000044444444444428281010606002
:20C6A000000000007C7C0808101020207C7C0000000008081010101020201010101008083A
:20C6C0001010101010101010101010101010101000001010080808080404080808081010D2
:20C6E000000000000000000032324C4C000000005555AAAA5555AAAA5555AAAA5555AAAA46
:20C7000000003838404070707070404038380000000000000C0C10103838101060600000F1
:20C7200000000000000000006C6C24244848000000000000000000000000000054540000A1
:20C740000000000020207070202020200000000000000000202070702020707020200000B9
:20C76000000000004848101020204A4A00000000282810103C3C4040383804047878000065
:20C780000000000008081010202010100808000000003E3E48484E4E484848483E3E0000B5
:20C7A000282810107C7C0808101020207C7C00000000060604040202000000000000000091
:20C7C000000060602020404000000000000000000000363624241212000000000000000001
:20C7E00000000000000018183C3C3C3C181800000000000000000000383800000000000079
:20C8000000000000000000007C7C00000000000000000000141428280000000000000000A8
:20C82000000000007A7A2E2E2A2A0000000000000000000020201010080810102020000084
:20C840000000000000003C3C4A4A4C4C3E3E00000000282800004444282810101010101030
:20C8600000004040000040404040404040400000000010103C3C5050505050503C3C101028
:20C880000000383844444040F0F040407C7C00000000000044443838282838384444000088
:20C8A0004444282810107C7C10107C7C101000001010101010100000000010101010101090
:20C8C0001C1C202078784444383808087070000000002424000000000000000000000000C0
:20C8E0003C3C42429999A1A1A1A1999942423C3C38384848585868680000000000000000D8
:20C900000000000014142828505028281414000000000000000000003C3C04040000000007
:20C920003C3C4242B9B9A5A5B9B9A5A542423C3C0000000000007878000000000000000097
:20C940000000303048484848303000000000000000000000101038381010000038380000D7
:20C96000303048481010202078780000000000007070080838380808707000000000000027
:20C980000404080800000000000000000000000000004040484848484848747440400000E7
:20C9A00000003A3A7A7A7A7A3A3A0A0A0A0A0000000000000000181818180000000000001F
:20C9C00000000000000000000000080804040808000060602020202070700000000000000F
:20C9E00000000000282814140A0A1414282800000000101000003030404048483030000043
:20CA00002020101000003C3C42427E7E424200000404080800003C3C42427E7E42420000A6
:20CA20001818242400003C3C42427E7E424200001414282800003C3C42427E7E424200000E
:20CA40000000242400003C3C42427E7E424200001818181800003C3C42427E7E4242000036
:20CA600000001E1E181828283E3E48484E4E000000003C3C42424040404042423C3C08084A
:20CA80002020101000007E7E40407C7C40407E7E0404080800007E7E40407C7C40407E7E3E
:20CAA0001414282800007E7E40407C7C40407E7E0000242400007E7E40407C7C40407E7ED6
:20CAC000202010100000101010101010101010100808101000001010101010101010101086
:20CAE000101028280000101010101010101010100000282800001010101010101010101036
:20CB000000007C7C42424242F2F242427C7C0000141428280000626252524A4A46460000B5
:20CB20002020101000003C3C424242423C3C00000404080800003C3C424242423C3C00008D
:20CB40001818242400003C3C424242423C3C00001414282800003C3C424242423C3C0000F5
:20CB60000000242400003C3C424242423C3C000000003E3E46464A4A525262627C7C000079
:20CB80002020101042424242424242423C3C00000404080842424242424242423C3C00000D
:20CBA0001818242400004242424242423C3C00000000242400004242424242423C3C0000AD
:20CBC000040408084444282810101010101000000000404070704848484870704040000025
:20CBE000000078784444484844444444585800002020101000003C3C44444C4C343400000D
:20CC00000404080800003C3C44444C4C343400001818242400003C3C44444C4C3434000084
:20CC20001414282800003C3C44444C4C343400000000242400003C3C44444C4C3434000034
:20CC40001818181800003C3C44444C4C343400000000000000003C3C4A4A5C5C2E2E000054
:20CC6000000000003C3C4040404040403C3C0808202010100000383844447C7C40403C3CEC
:20CC8000040408080000383844447C7C40403C3C181824240000383844447C7C40403C3C34
:20CCA000000024240000383844447C7C40403C3C00000A0A04043A3A444444443838000034
:20CCC000141428280000585864644444444400002020101000003838444444443838000004
:20CCE0000808101000003838444444443838000010102828000038384444444438380000B4
:20CD000014142828000038384444444438380000000028280000383844444444383800006B
:20CD200000000000101000007C7C000010100000000000003C3C4C4C54546464787800004B
:20CD4000202010100000444444444C4C34340000080810100000444444444C4C3434000023
:20CD6000101028280000444444444C4C34340000000028280000444444444C4C34340000D3
:20CD8000080810100000444444442828101060600000404060605050505060604040000063
:18CDA0000000282800004444444428281010606001FF0040000000416A
:2029AD00E8FD4B425FF090F800777BE09021002073210500095D541AF80122131A772107CA
:2029CD0000092A4F46F8052A5E87CB136F63092A4F46CB21CB10F8012A666F094D44F80746
:1929ED002A5F56211000E5CD8110F8007EE0907EEA0020E803E1E804E96F
:20747B00AFEAEBD6EAEDD62130D736F02336D6C905E9763BF8097EB720062B3AB6CA5F75F0
:20749B00F8072A5F2A574B42D57E5950CD5212D1131379D68078DE00301779B7CA5F75F8E5
:2074BB000966E533D5672E00E5CDCA11E805C35F75C5D5F80D7EF533D5210080E5CDCA1167
:2074DB00E805D1C179C6804F78CEFF47210008195D5479D68078DE00303CF8007977D641F5
:2074FB00301B7EB7285E3EC096F80966E533D5F80366E533F533CDCA11E8051847F8007E78
:20751B00B72841F8097EF533D5F803662E80E5CDCA11E805182EC5D5F80D7EF533D521802A
:20753B0080E5CDCA11E805D1C179C6804F7AC6085779B7280FF80966E533D5672E00E5CDF5
:20755B00E411E80533C9E8F2F8142A4F2A477EF533110E00D5210300395D54CD6A12F80871
:20757B007EEAD7D6F8092A4F7E21D8D6712377F80B7EEADAD6F80C2A4F7E21DBD671237716
:20759B00F8007EEAE0D6F8017EEAE1D6FAE0D66F26002929295D5421E2D67B2272FAE2D697
:2075BB00EAE6D6FAE3D6EAE7D63E0521E6D6CB2623CB163D20F5FAE1D66F26002929295D2B
:2075DB005421E4D67B2272FAE4D6EAE8D6FAE5D6EAE9D63E0521E8D6CB2623CB163D20F52F
:2075FB00F8022A472A4F7EC53347C51E01218E74CD253AE811C9E8FCF80B2A4F4621110002
:20761B00094D44F80D7EF533210100395D54CD3212F8002A4F2A472A5857716B6279B720A4
:20763B00077AB320034F182A5D54E5E5F8077EE1CD5212E17947B7281823235D54C5F805EC
:20765B0066E533D5F533F8107EF533CDE411E805C14879E804C9F8062A4F46210900094DC3
:20767B0044F8092A5F3A2B577EF533210800E5CD6A12C9E8FAF80E2A5F2A574B42D57E5974
:20769B0050CD5212D1F80079221313137B227A2271F80C7EF80477F80D7EF80577F8037EA2
:2076BB00B72848E5CB46E12829F8012A4F2A23472A5F56F8107EF533210800E5CD6A12F87E
:2076DB00012A5F5621080019E57DF80377E17CF80277F8037ECB3F222A5F5621080019E520
:2076FB007DF80677E17CF8057718B2F8007EE806C9E8AFF8572A4F2A47C57EF53311430026
:20771B00D5210500395D54CD6A12C111D4D6F8597E1221D5D6792270F8027EEAEED6F803CB
:20773B004E69AF67237DD6157CDE0030030C18020E1521EBD671F8047EFE1F38023E1FEA95
:20775B0000DAF8057EFE0538023E05EAECD6F8067EFE4038023E40EAEAD6F80E7EEADDD650
:20777B00F80F2A4F7E21DED67123771E0121B640CD253AF80B2A472A4F7EC53347C51E0120
:20779B00216175CD253AE803F8112A472A4F7E5957C5D5C533D521A0DFE51E01218E76CDA2
:2077BB00253AE805D1C11378CD521221D4DA71F8142A472A4F7E5957C5D5C533D521D7DA77
:2077DB00E51E01218E76CD253AE805D1C11378CD52127921D5DA2270111200D5213300399E
:2077FB004D4411BEDACD8110F8327EB7200EFAEED6B73E022801AFEAEFD6180521EFD636D4
:20781B0001F8292A4F7E217AD7712377F82B2A4F7E217ED7712377F82D2A4F7E217CD7711B
:20783B002377F82F2A4F7E2180D7712377AFEA83D7EA82D7FAEED6B7286A110300D5210AA1
:20785B0000394D441145D2CD8110F8082A472A4F7E5957212DD23600C533D5AFF5331E018C
:20787B00211176CD253AE8044FF80746789138014821C8D671F8082A472A4F562135D2E592
:20789B00210000E57859CDAD29F8082A472A4F7E1125D2D5C53347C51E01217176CD253AB7
:2078BB00E8051828212DD23E68EAC8D63668110300D5018B741145D2CD8110111000D5111E
:2078DB000000D51135D2D5CD9639E806FAEAD6B72872F81E2A4F7EF84E7123223600FAEA13
:2078FB00D6F85096285EF8507ED6402857F81D7EF84E4E2346F533214400395D54CD3212C0
:20791B001132D7F8506E2600194D44FAC8D602F8432A472A4F7EC53347C5FAC8D6F5331E8D
:20793B0001211176CD253AE80421C8D68677F84E2A5F5621030019E57DF85077E17CF84F88
:20795B002234189AF85A7EB7CAA77BAFEA0FDAEA0EDA110300D5211C00394D441148D2CD55
:20797B008110AFEAC1D621B7D62277AF21BBD62277211FD2CBAE21B9D63E1F223ED2322AC4
:20799B00666F11360019AF2277FAB9D621BAD6666F11340019FABBD622FABCD67721BCD67F
:2079BB003AB6280F2A666F11360019FAB9D622FABAD677FAB9D6EABBD6FABAD6EABCD6115F
:2079DB001FD2D51E02210E74CD253AE1FAEBD6B7CA147CF82046FAEBD66F26002B5D542977
:2079FB00192919292929E57DF85177E17CF85077F8212A4F7EC533F8505E2356D5471157AD
:207A1B00D2CD6A12FAEBD63DF84E2236572336D2F84E7EB7CA147C232A5F56211500194DA5
:207A3B00440AF84D77F84F2A5F56210E0019E57DF84877E17CF84777F84F2A5F562126001A
:207A5B0019E57DF84A77E17CF84977F84F2A5F5621270019E57DF84C77E17CF84B22237EBB
:207A7B00B72842F8462A5F2A57FAC8D6122A5F561AF84D322B2B2A5F561A6F131A5DC5F863
:207A9B004F66E53357D5FAC8D6F5331E01211176CD253AE8045FC10A4F933801597B21C831
:207ABB00D686771842F84F2A5F5621260019E57DF84E77E17CF84D77F81D2A472A4F56F873
:207ADB004C2A666FE5FAEAD6F5337859CDBB124F21EAD69630092132D70600097E1801AF90
:207AFB00F8465E23666B77F84F2A5F56211600194D44F8482A5F561AF84D322B2B2A5F5678
:207B1B001A6F131A5D57C5010000C5F8517ECDAD29F84F2A4F3A470ACBAF022A5F562136EE
:207B3B0000194D44AF020302F84F2A5F56213400194D44FABBD60203FABCD60221BCD63A9A
:207B5B00B628257EF84A77FABCD6F84B322A5F5621360019E57DF84E77E17CF84D322A5F04
:207B7B002A23572A12137E12F84F7EEABBD6F8507EEABCD6F84E35232A5F5621380019E511
:207B9B007DF85177E17CF85077C32B7A21EBD67EB7284A0157D27E3DF85077F8507EB72837
:207BBB003C211500097EB72829212600097EF84F77212700092A6E5F55210E00097EC5F80D
:207BDB005166E533D5F5331E01211176CD253AE804C1F85035213800094D4418BEFAB7D651
:207BFB004F21B8D64678B12810C55950CD8D29C1213400092A4F4618EC1E0321ED5CCD2575
:207C1B003AFAECD6B7CADE7CF8267EF84E7721ECD64E060069602909290929294D44F827B9
:207C3B007EF84F77F8287EF850322B115FD82AF533C52A4F46CD6A12FAECD6F84E223E5F82
:207C5B002236D8F84E7EB7287A232A5F56210900194D44F81D7EF84D77F81E2A665F54C579
:207C7B00FAEAD6F533F8507ECDBB12F84D77F84F2A5F56210D0019E57DF84C77E17CF84BC1
:207C9B0022237E21EAD696301AF84D5E16002132D719E57DF84E77E17CF84D322A5F561A5D
:207CBB00771801AFF84A5E23666B77F84E35232A5F56211C0019E57DF85177E17CF850774E
:207CDB00C35E7CFA00DAB7282BF8237EF84E77FA00DA6F26002929294D44F8247EF84F77EB
:207CFB00F8257EF850322B2AF533C52A4F461108D9CD6A121E0321ED55CD253A1E0421CA5B
:207D1B0074CD253AAF21C5D62277F85A7EB7282BF8182A4F4678B128222B2B66AFF53311E4
:207D3B000000D5C5E5331E02212A6DCD253AE80678B1D6013E0017EE011801AFE851C9FA7C
:207D5B00D1054F21D205462120D2792270FAD3054F21D405462122D279227822FAD5057791
:207D7B00FAD9052132D232FADA0577212ED23600212FD236002130D23602011FD20ACB8711
:207D9B00022152D236010ACBDF02C9F8083A2BF5332A5F56D53E04F533FAC8D6F533CDE4AF
:047DBB0011E805C9FD
:20CDB8008000FF00FF00FF00FF00FF00FF00FF00FF00FF00FF00FF00FF00FF1FFF1FFF1F8D
:20CDD800FF1FFF00FF00FF00FF00FFFFFFFFFFFFFFFFFF00FF00FF00FF00FFFEFFFEFFFE36
:20CDF800FFFEFF00FF00FF00FF00FF07FF07FF07FF07FF00FF00FF00FF00FF00FE03FE030D
:20CE1800FE03FF00FF00FF00FF00FF2003FC03FC03FCFF00FF00FF00FF00FF81FF01FF0165
:20CE3800FF01FF00FF00FF00FF00FFC0F8C7F8C7F8C7FF00FF00FF00FF00FF010FF00FF0E8
:20CE58000FF0FF00FF00FF00FF00FF03FF03FF03FF03FF00FF00FF00FF00FF80FF80FF803E
:20CE7800FF80FF00FF00FF00FF00FF01FF01FF01FF01FF1FFF1FFF1FFF1FEF1FED1FED1F81
:20CE9800FD1FFFFFFFFFFFFFFFFFFFFFFFFF7FFF7FFFFFFEFFFEFFFEFFFEFFFEFFFEFFFE83
:20CEB800FFFEFE01FE01FE01FE01FE01FE01FE01FE0103FC03FC03FC23FC23FC13FC03FC1C
:20CED80093FCFF07FF07FF07FF07FB07FB07FB07FF07FFFFFFFFFFFFFFFFFFFF7FFF5FFFB5
:20CEF8005FFFFFFFFFFFFFFFFFFFFFFFFFFFFFFFFFFFFE03FE03FE03FE03FE03FE03FE03C5
:20CF1800FE0303FC03FC03FC00FF00FF00FF00FF04FFFF01FF81FF810FF10EF10EF10EF1FF
:20CF38008FF1F0FFF0FFF0FFF0FFF0FFD0FFD0FFD0FF1FFF1FFF1FFF1FFF1FFF9FFF1FFFEF
:20CF58009FFFF9C7F8C7F8C7F8C7F8C7F8C7F8C7F8C70FF00FF10FF100FF00FF00FF00FF27
:20CF780000FFFF03FF03FF031FE31FE31FE31FE31FE3FF80FF80FF80FF80FF80FF80FF8011
:20CF9800FF80FF01FF01FF01FF01FF01FF01FF01FF01FFFFFFFFFFFFFFFFFFFFDFFFDFFF48
:20CFB800D7FFFD1FFF1FFF1FFF1FFF1FFF1FFF1FFF1F7FFF5FFFD5FFF5FFFDFFFDFFFFFFFB
:20CFD800FFFFFFFEFFFEFFFEFFFE7FFE3FFE37FEB3FEFE01FE01FE01FE01FF00FF00FF00AE
:20CFF800FF0003FC03FC03FC03FCFFB0FF90FF00FF00FF07FF07FF07FF07FF07FF07FF07B8
:20D01800FF075FFFD7FFF5FFFDFFFFFFFFFFFFFFFFFFFFFFFFFFFFFFFFFFDFFFCFFFCBFF68
:20D03800EAFFFF03FF00FF02FF02FF02FF00FF00FF00E0FFE49FE01FE01FE01FE01FE01F91
:20D05800E01F0FF14FF10FF10FF10FF10FF1AFF10FF1D0FFF0FFF0FFF0FFFFFFFFFFFFFF43
:20D07800FFFF9FFF9FFF1FFF0FFFEFFFEFFFEEFFFEFFFFC7FFC1FFC5FFC5FFC5FFC0FFC01C
:20D09800BFC080FF807F807F807F807F807F817FA07F1FE31FE31FE31FE31FE31FE39FE3D2
:20D0B8001FE3D5FFF5FFFDFFFFFFFFFFFFFFFFFFFFFFFFFF7FFF5FFF57FFD7FFD5FFF5FFCE
:20D0D800FDFFFF1FFF1FFF1FFF1FFF1FFF1FFF1FFF1FFFFFFFFFFFFFFFFFFFFFFCFFFFFF5D
:20D0F800FDFFF3FEF3FEFBFE9FFE1FFE33FEBBFE3FFEFAFFFEFFFEFFE7FFCFFF0AFFEEFFC3
:20D11800CBFFE01FFF00FF00FF00FF00FF00FF00FF000FF1FF81FF01FF01FF01FF01FF01B5
:20D13800FF01FEFFFFFFFFFFF9FFF3FFC2FFFEFFEEFFBFC0BFC0BFC0FFC0FFC0BFC0BFC050
:20D15800FFC0807FFF03FF00FF00FF00FF00FF00FF001FE3FF43FF03FF03FF03FF03FF03AF
:20D17800FF03FFFFFFFFFFFFE7FFC7FF87FFFFFFFFFFFFFFFFFFFFFFF9FFF1FFC1FFFDFFCF
:20D19800D5FFFF1FFF1FFF1FFD1FED1FED1FE71FF71FF5FFD5FF57FF5FFF7FFFFFFFFFFF03
:20D1B800FFFF3FFE7FFEFFFEFFFEFFFEFFFEFFFEFFFEFDFFF5FFD5FF57FF7FFF7FFFFFFF9D
:20D1D800FFFFCFFFDFFFFFFFFFFFFFFFFFFFFFFFFFFFFF01FF01FF01FF01FE01FE01FE019C
:20D1F800FF01FFFFFFFFF7FFD7FFDFFFDFFFFFFFFFFF6FFF6FFF7FFFFFFFFFFFFFFFFFFF45
:20D21800FFFFFFC0FFC0FFC0FFC0FFC0FFC0FFC0FFC0FF03FF03FF03FF03FF03FF03FF03F2
:20D23800FF03FFFFFDFFF5FFD5FFD7FFDFFFFFFFFFFF55FF57FF7FFFFFFFFFFFFFFFFFFF42
:20D25800FFFFFFFFFFFFDAFF00FFFFFFFFFFFFFFFFFFFF5F5FFF0AFF00FFFFFFFFFFFFFF2E
:20D27800FFFFF7FFF7FFB7FF17FFF7FFF7FFF7FFF7FFFFFEFEFFFCFFFCFFFFFFFFFFFFFF1E
:20D29800FFFFFFFFFFFF55FF00FFFFFFFFFFFFFFFFFFFFFEFEFF44FF00FFFFFFFFFFFFFFFB
:20D2B800FFFFFF3F3FFF2EFF00FFFFFFFFFFFFFFFFFFFFF7F7FFA2FF00FFFFFFFFFFFFFF32
:20D2D800FFFFFFBFBFFFAFFF07FFFFFFFFFFFFFFFFFFFFFDFDFF55FF00FFFFFFFFFFFFFFCB
:20D2F800FFFFFFFEFEFF56FF00FFFFFFFFFFFFFFFFFFFFA7A7FF22FF00FFFFFFFFFFFFFF6C
:20D31800FFFFFFFFFFFFAAFF00FFFFFFFFFFFFFFFFFFFFE7E7FFA3FF01FFFFFFFFFFFFFFF3
:20D33800FFFFFF9FFFFFFFFFFFFFFFFFFFFFFFFFFFFFFFCBFFFFFFFFFFFFFFFFFFFFFFFF89
:20D35800FFFFFF80FF80FF80FF80FFFFFFFFFFFFFFFFFF03FF03FF03FF03FFFFFFFFFFFFC1
:20D37800FFFFFFFF00FF00FF00FF00FF00FF00FF00FFF0FF00FF00FF00FF00FF00FF00FFB7
:20D3980000FF00FF00FF00FF00FF00FF00FF00FF00FF07FF00FF00FF00FF00FF00FF00FF7E
:20D3B80000FFFEFF00FF00FF00FF00FF00FF00FF00FF01FF00FF00FF00FF00FF00FF00FF66
:20D3D80000FF80FF00FF00FF00FF00FF00FF00FF00FF7FFF00FF00FF00FF00FF00FF00FF46
:20D3F80000FFFEFF00FF01FF00FF00FF00FF00FF00FF01FF01FFFFFF00FF00FF00FF00FF25
:20D418000FFFFFFFFFFFFFFF00FF00FF00FF00FFE0FFFFFFFFFFFFFF00FF00FF00FF00FF1B
:20D4380000FF00FF00FF00FF00FF00FF01FF00FF00FF08FF0BFF00FF10FF12FFF5FF02FFB7
:20D458002FFF20FFE0FF30FF30FF30FF38FFB8FFB8FF20FF24FF08FF0DFF42FF7FFF5EFFE5
:20D478005EFF38FF78FF78FF78FF78FFF8FFF8FF78FF00FF01FF00FF00FF00FF00FF00FFC5
:20D4980000FF7FFFFFFF00FF00FF00FF00FF07FF08FFF8FFF8FF00FF00FF00FF00FFE0FF27
:20D4B80020FF0BFF00FF10FF12FF11FFE6FF08FF2FFFE0FF30FF30FF30FF38FFB8FFB8FFD1
:20D4D80038FF24FF09FF0DFF42FF7FFF52FF52FF73FF38FF78FF78FF78FFF8FFF8FFD8FF92
:20D4F800D8FFFFFF00FF00FF00FF00FF07FF08FF0BFFF8FF00FF00FF00FF00FFE0FF20FF3B
:20D51800E0FF00FF00FF00FF01FF01FF00FF00FF00FF0FFF00FF12FFF5FFF7FF2FFF20FFC5
:20D5380020FFE0FF30FF30FF38FFB8FFB8FF38FF38FF00FF00FF00FF00FF00FF00FF00FF6B
:20D55800FFFF00FF00FF00FF00FF00FF00FF00FFC0FF00FF00FF00FF00FF00FF00FF00FF04
:20D5780001FF2DFF00FF42FF5FFF52FF52FF73FFFFFF78FF78FF78FF78FFF8FF58FFD8FFB6
:20D59800FFFFC0FFC0FFC0FFC0FFC0FFC0FFC0FFC0FF01FF01FF01FF01FF01FF01FF01FF7D
:02D5B80001FF71
:202A0600F090E0982189D77ED60B3003461802060BFAD7D6E090EA0020C5FAE0D6F533FA7C
:202A2600D8D65F21D9D656D53E01F533C533FA88D767FA87D76FE5CD0915E807C12187D7A3
:202A46007E80772189D77E9077F098E090F098EA0020C947F090E098FAD7D6E090EA002042
:202A66003E1721E0D696300416171804FAE0D657FAE0D6F533FAD8D66FFAD9D667E53E01E7
:202A8600F533D5C533CD0915E807F098E090F098EA0020C947F090E098FAD7D6E090EA00CE
:202AA60020FAE0D6F533FAD8D66FFAD9D667E5F8057EF5331601D5C533CD0915E807F09823
:202AC600E090F098EA0020E133E9F090E0982186D77ED60B3003461802060BFAD7D6E09061
:202AE60021002077E09077C5FAE0D6F533FAD8D65F21D9D656D50E01C5FA85D767FA84D7AC
:1E2B06006FE5CD0915E807C12185D77E80772186D77E9077F098E090F098EA0020C97A
:20D5BA00AF2176D72277AF2178D72277AF217AD72277AF217CD72277AF217ED72277AF21DF
:20D5DA0080D72277AFEA82D7EA83D71E0321ED55C3253AAFEA89D7EA86D72172D73EFF225C
:20D5FA00367F2174D73EFF22367FAFEAB8C0C93B3B2104DA2A4F46CB38CB19CB38CB19CB35
:20D61A0038CB19CB38CB19CB38CB1911500079935F789AF80132732106DA2A4F46CB38CBFC
:20D63A0019CB38CB19CB38CB19CB38CB19CB38CB1979C6B85F78CEFF57E5F803CB7EE120FF
:20D65A000CC1C5217AD7799623789E300EFA7AD7F80077FA7BD7F801771814217ED72A9153
:20D67A007E98300B2B7EF80077FA7FD7F80177CB7A200C4B42217CD7799623789E300AFA79
:20D69A007CD75F217DD756180D2180D72A917E9830042B2A5F562172D72A4F46CB28CB1947
:20D6BA00CB28CB19CB28CB19218ED7792236002174D72A4F46CB28CB19CB28CB19CB28CBB4
:20D6DA0019218AD779223600C1C5CB28CB19CB28CB19CB28CB192190D7792236004B42CB08
:20D6FA0028CB19CB28CB19CB28CB19218CD779223600F8007EEA72D7F8017EEA73D7217418
:20D71A00D77B2272FA82D74F079F47E1E5097DEA76D77CEA77D7FA83D74F079F4779832196
:20D73A0078D722788A7711BEDACD5D57B7201111C4DACD5D57B7200811CADA3333C35D5732
:20D75A003333C9E8F1F80D7B227A322A4F46030AF80A77F80D2A5F5621050019E57DF80D8A
:20D77A0077E17CF80C222A5F56210300193333E5F80A7EB7CAD658F80D2A666F23234E79EE
:20D79A00D67F2007AFF8052277183BCB79281EAF914FFA76D7F80577FA77D7F806770C18A6
:20D7BA0007F805CB2623CB160D20F61819FA76D7F80577FA77D7F806770C1807F806CB2E68
:20D7DA002BCB1E0D20F6F8057EF80B5E23666B77F8052A4F2A47CB38CB19CB38CB19CB38F9
:20D7FA00CB19712190D72A4F460BF8072A77F80D2A5F5621040019E57DF80B77E17CF80A6B
:20D81A0077218ED77E91201D237E902018F8082AC6154F2A5F561A47D1D51AC5335F79CD4B
:20D83A009A2AC3D2582190D72A5F566B6223E57DF80D77E17CF80C77FA8ED7F80B96204DAB
:20D85A00FA8FD7F80C962045F8077EF80B22AF322A5F562101007B955F7A9CF807327B2278
:20D87A00CB7E2807AFF80B2277180CF8087E3DF80C773A22079F77F80B3A2B4F2A5F561A48
:20D89A0047D1D51AC5335F79CD9A2A182BFA8ED72190D7962009FA8FD72191D7962819F865
:20D8BA00092A5F561A47D1D51AC533F533010000F8072A5F56CDFF5BAFC3EC5BFA76D7F827
:20D8DA000B5E23666B772190D72A5F562101007B955F7A9CF80B3273FA90D7F80C77218C1B
:20D8FA00D72A5F562101007B955F7A9CF803327B2223FA8CD73D322A2307E601322A23221C
:20D91A00079F77FA8ED7F80A96C2C959FA8FD7F80B96C2C959F80C7EC615F80822D1D51AD9
:20D93A00772A23223600F80B5D54F8021A1396231A9E1A57CB7E2807CB7A2008BF1805CB68
:20D95A007A2801373E0017F80A77B7280CF8027EF80B77F8037EF80C77F80CCB7E28062B8E
:20D97A00AF2277181BF80A7EB72808F8047EF80C771806F8097EF80C77F80C3A22079F7721
:20D99A00F80B4EF8057EB728051100001804F8062A5F43C559F80A7ECDA45CC1C533F809A1
:20D9BA007EF5331E02216674CD253AE1C3C45AFA90D74F2191D74603218ED77E91C27D5AEE
:20D9DA00237E90C27D5AF80BCB7E28040E001805F80C7E3D4FF80A7922D1D51A774E06008A
:20D9FA00F802799623789E7857CB7E2807CB7A2008BF1805CB7A2801373E0017F80C77B70F
:20DA1A002804F8022A46CB782807AFF80B22771819F80C7EB72808F8047EF80C771804F8F6
:20DA3A000B2A77F80C3A22079F77F80B2A77F8057EB72807AFF80822771808F8062A2332B9
:20DA5A002A2377F8087EF80B223A2B5F7ECDA45CF80B3AF5337EF5331E02216674CD253AE4
:20DA7A00E11847FA8ED72190D7962009FA8FD72191D796282C21EFD67E3D2005D1D51A1835
:20DA9A00023EFF2615E533F533FA78D74F2179D746FA76D75F2177D756CDFF5B3E01C3ECE3
:20DABA005BFA86D7B72803CDD02A218CD72A5F562101007B955F7A9CF80832732190D72A90
:20DADA004F3A470B5EFA8CD7F809777B3DF80C322B7807E60122233A22079F77FA8AD7F88E
:20DAFA0007962037FA8BD7F80896202FF80A7EB7280423AF2277F80B2A77F8092A23C6133E
:20DB1A00772A5F7ECD825CF80B2AF5337EF5331E02211674CD253AE1C3EA5BFA8CD74F211A
:20DB3A008DD74603218AD77E91205F237E90205AF80A7EB7280423AF2277F80B2A32D1D590
:20DB5A001A77F805223600F8075D54F8051A1396231A9E1A57CB7E2807CB7A2008BF180548
:20DB7A00CB7A2801373806F8092A233D77F80B2A47C5587ECD825CC1C533F80D7EF5331E6A
:20DB9A0002211674CD253AE11846FA8AD7218CD7962009FA8BD7218DD796282B21EFD67E87
:20DBBA003D2005D1D51A18023EFF2615E533F533FA78D74F2179D746FA76D75F2177D7569D
:20DBDA00CDFF5B3E01180BFA89D7B72803CD062A3E01E80FC91E0321ED55CD253A1E032178
:20DBFA000956C3253A3BAFEA89D7EA86D7CB2ACB1BCB2ACB1BCB2ACB1BF80073AF6B672B67
:20DC1A00CB7C28041E001805F8007E3D5FF80073CB28CB19CB28CB19CB28CB19591600F8D3
:20DC3A00037EF5079F47F16F6019CB7C28040600180579F80386470E00F8047E912825FA57
:20DC5A00E1D690281FC558F8027ECD592AC1C5C533F8037EF5331E02211674CD253AE1C17F
:20DC7A000C0418D533E1F1E957FA89D7B72807D5CD062AD118F37B21E1D696D02187D772B0
:20DC9A002188D7732189D73617C9474BFA86D7B72807C5CDD02AC118F32184D7702185D750
:20DCBA0071FAE1D6591600936F9F92475816003E15BD3E0098CB7B2807CB7A2008BF18052D
:13DCDA00CB7A28013730043E151804FAE1D691EA86D7C99D
:202B2400FAEFD821F0D846C6274F30010459501A21F3D822131A7769602A4F4621F2D83A0E
:202B4400B6280C2A666F11270019792270180621EBD8792270FAEFD821F0D8666F11270068
:202B640019FAEDD822FAEED877FAEFD8EAEDD8FAF0D8EAEED8FAF3D8EAEFD8FAF4D8EAF028
:202B8400D8C9E8F6FAEBD8EAEFD8FAECD8EAF0D8AF21F1D82277FA77D7CB7F2805010000E2
:202BA4001808FA76D74F2177D746CB28CB19CB28CB19CB28CB19FA79D7CB7F28052100003F
:202BC4001808FA78D76FFA79D767CB2CCB1DCB2CCB1DCB2CCB1D793D3DB93801AFEAF5D880
:202BE40079C61647799030037818023EFFEAF6D87D3D3DBD3801AFEAF7D87DC6144F7D9169
:202C040038020EFF21F8D871FAB8C0EAF9D821F0D83AB6CA282F2A666F111700197EB7204B
:202C240005CD242B18E83D77FAEFD84F21F0D846212100097E21B8C0A620372108000934B7
:202C4400FAEFD85F21F0D856210800194D440AF80977210A00197EF809962016210B0019E8
:202C64007EE6012008210900197E021805F8097E3D02FAEFD8F80877FAF0D8F809322A5F6F
:202C8400561A4F131A47FAEFD85F21F0D856210400192A666F094D44587B21F5D896380731
:202CA4007B21F6D8963806CD242BC3122CF8082A666F792270FAEFD84F21F0D84621020049
:202CC40009E57DF80877E17CF807322A5F2A571A22131A77210600092A4F46F8082A666FA8
:202CE400094D44587B21F7D89638077B21F8D8963806CD242BC3122CF8062A666F79227039
:202D0400FAF9D85F21F9D834FAEFD84F21F0D8467BE603C2112FF8002277212600095EFA81
:202D2400EFD8F80677FAF0D8F80777210C0009E57DF80A77E17CF809771DC2532EFA1FD2EA
:202D4400CB5FCA6D2EF8087EF80277F8097EF803221120D21A22131A772125D22A4F46F8A3
:202D6400042A666F094D44F8062A5F2A571A22131A77F8022A666F23232A565FF8082A661C
:202D84006F195D547B917A9838272127D22A4F46F8042A666F094D44F8022A5F561A6F1396
:202DA4001A5D57F8082A666F195D547993789A3007F8093600C3442E1122D21AF804221367
:202DC4001A772129D22A4F46F8042A666F09E57DF80A77E17CF80977F8062A4F3A470303D1
:202DE40059501A22131A77F8022A5F56210600192A4F46F8062A666F094D44F808799623A5
:202E0400789E3832212BD22A4F46F8042A666F09E57DF80A77E17CF80977F8022A5F5621A3
:202E24000400192A4F46F8062A666F094D44F8082A917E983006F80936001804F809360189
:202E4400F8097EB72823F800361F2336D2181A110000D5F8082A5F2A57D52A5F56D51E02AA
:202E640021147ACD253AE808C5FAEFD84F21F0D846F8013AB6CA112FD1D5213300195D54C8
:202E84001A5F212600097EA3CA112FD1D5212900195D541AF80577B7285BD1D521310019A7
:202EA400E57DF80A77E17CF809322A5F56131A073043212500097EF806223600D1D5213102
:202EC4000019E57DF80A77E17CF80977D1D5212A00192A4F46F8062A235F1600D53E01F593
:202EE400332A5F56D5C5F80C7EF5331E02212A6DCD253AE808FAEFD84F21F0D846210B0019
:202F0400097E0FE6012006CD242BC3122C21F1D8792270212700095D541A21EFD822131AA5
:202F240077C3122CE80AC9E8FCFAEBD84F21ECD846F090E09978B1CAD02F69602A666F2963
:202F440029297C2176D75E93F80077696023232A666F2929297C2178D75E93F803772114C4
:202F640000095D541AE0901AEA0020211500092A6E5F55FAC9D6F80177211800097EEA8B1C
:202F8400DB6B622323232A666F79C6085F78CE00571A1E0087CB13856F7B8C67233A5E57C9
:202FA4002189DB7B2272AFEA8CDBF8037E32AF322B5EF8033A2B57C57ECD4410C121C9D6C8
:182FC4008677212700092A4F46C3392FF099E090F099EA0020E804C97C
:20DCED00AF21EDD82277AF21EBD822770192D779D65F78DED8D021270009FAEDD822FAEE8D
:20DD0D00D87721EDD8792270212900094D4418DF000306090C101316191C1F2225282B2E68
:20DD2D00313336393C3F414447494C4E515355585A5C5E60626466686A6B6D6F7071737407
:20DD4D00757678797A7A7B7C7D7D7E7E7E7F7F7F7F7F7F7F7E7E7E7D7D7C7B7A7A7978763C
:20DD6D0075747371706F6D6B6A68666462605E5C5A585553514E4C494744413F3C39363383
:20DD8D00312E2B2825221F1C191613100C09060300FDFAF7F4F0EDEAE7E4E1DEDBD8D5D245
:20DDAD00CFCDCAC7C4C1BFBCB9B7B4B2AFADABA8A6A4A2A09E9C9A9896959391908F8D8C25
:20DDCD008B8A88878686858483838282828181818181818182828283838485868687888AB0
:20DDED008B8C8D8F9091939596989A9C9EA0A2A4A6A8ABADAFB2B4B7B9BCBFC1C4C7CACD29
:20DE0D00CFD2D5D8DBDEE1E4E7EAEDF0F4F7FAFDE8EBFAEDD8F80277FAEED8F803773AB674
:20DE2D00CAE663F81B4E06006960290929092929E57DF81577E17CF81477115FD83A6E67BF
:20DE4D00194D44F8022A5F56210B00195D54211C00E5CD8110F81236023EE0F81E96382355
:20DE6D007ED6A03806F812360318183E60F81E963006F8123600180BF81E7ED6203804F84F
:20DE8D00123601F8022A5F5621080019E57DF81577E17CF81477F8022A5F5621090019E54A
:20DEAD00F8042A5F5621190019D14D44F8122A87814F3E0088470A125E23666B77F8022A24
:20DECD005F56210A00195D54030A3C12F8022A5F56212300192A4F7EF813712377F8022AC9
:20DEED005F56212200194D440AF804322B7EF805322B7EF80677F81C2A4F4659501AF811A6
:20DF0D0022131A77F8052A5F56F8112A12137E12F8022A5F5621020019E57DF80977E17C1E
:20DF2D00F80877696023232A4F46F8072A666F792270F8022A5F5621040019E57DF80D7791
:20DF4D00E17CF80C77F8043A2B4F06002A5F5621060019E57DF80F77E17CF80E22AF914F13
:20DF6D009F9047792270F81E7ED6C02049F8052A5F561AF81122131A327EF80977F8127E82
:20DF8D00F80A322A5F56F8132A666F7B955F7A9CF81232732A4F46F8052A666F792270F865
:20DFAD000B2A5F56F80F2A12137E12F80D2A666FAF2277C3AE63F8047EF811223600F81E73
:20DFCD007ED6402056F8052A5F561AF80F22131A327EF80977F8107EF80A322A5F56F81312
:20DFED002A666F19E57DF81177E17CF810327EF81377F8107EF81477F8052A5F56F8132A69
:20E00D0012137E12F80B2A5F56F8117E1213AF12F80D2A666FAF2277C3AE63F81E7EB72064
:20E02D0048F8072A5F561AF81122131A327EF80977F8127EF80A322A5F56F8132A666F7BF3
:20E04D00955F7A9CF81232732A4F46F8072A666F792270F80B2A666FAF2277F80D2A5F2A30
:20E06D00572A12137E12C3AE63F81E7ED6802056F8072A5F561AF80F22131A327EF80977B3
:20E08D00F8107EF80A322A5F56F8132A666F19E57DF81177E17CF810327EF81377F8107EB8
:20E0AD00F81477F8072A5F56F8132A12137E12F80B2A666FAF2277F80D2A5F56F8117E1241
:20E0CD0013AF12C3AE63F81E7EF81277111D5D6E260019E57DF80B77E17CF80A322A5F56F2
:20E0ED001AF81177F80B77F8127EC640775E1600211D5D19E57DF80E77E17CF80D322A5FD6
:20E10D00561AF81277F80E77F8114E79079F4769602909290929092909290929092909336D
:20E12D0033E5F8007EF80F77F8017EF81077CB2E2BCB1E23CB2E2BCB1E23CB2E2BCB1E2340
:20E14D00CB2E2BCB1E23CB2E2BCB1E23CB2E2BCB1E23CB2E2BCB1EF8124E79079F4769608E
:20E16D002909290929092909290929092909E57DF81377E17CF81277CB2E2BCB1E23CB2E49
:20E18D002BCB1E23CB2E2BCB1E23CB2E2BCB1E23CB2E2BCB1E23CB2E2BCB1E23CB2E2BCB8C
:20E1AD001EF8133EFF96233E009E304BF8052A5F561A4F131A47F80F2A5E814F7B8847F882
:20E1CD00052A666F792270F8072A5F561A4F131A4779F8114E235E914F789B47F8072A664E
:20E1ED006F792270F8132A5F5621FF007B955F7A9CF814327318AAAFF813B6CA1363F805E9
:20E20D002A5F561AF81122131A222A775EF80B7ECDDF0EF80F792270F810CB2E2BCB1E23FA
:20E22D00CB2E2BCB1E23CB2E2BCB1E23CB2E2BCB1E23CB2E2BCB1E23CB2E2BCB1E23CB2EE8
:20E24D002BCB1E23237EF80077F8127EF80177F80F7EF812322B7EF813322A5F56E1E5190D
:20E26D00E57DF81277E17CF811322A23322A2377F8052A5F56F8122A12137E12F8072A5F86
:20E28D00561AF81222131A225EF80E7ECDDF0EF810792270F8107EF80577F8117EF80677E1
:20E2AD00CB2E2BCB1E23CB2E2BCB1E23CB2E2BCB1E23CB2E2BCB1E23CB2E2BCB1E23CB2E68
:20E2CD002BCB1E23CB2E2BCB1EF8127EF80F77F8137EF81077F8057EF81377F8067EF8145A
:20E2ED0077F80F2A5F56F8132A666F7B955F7A9CF81232732A23322A2377F8072A5F56F85D
:20E30D00132A12137E12F8022A5F5621040019E57DF81377E17CF812322A23322A2377F82F
:20E32D00092A5F561AF8045ECDDF0EF80F792270F810CB2E2BCB1E23CB2E2BCB1E23CB2E47
:20E34D002BCB1E23CB2E2BCB1E23CB2E2BCB1E23CB2E2BCB1E23CB2E2BCB1EF8132A5F56F2
:20E36D00F80F2A12132A122A5F5621020019E57DF81577E17CF81477F80C2A5F561AF81216
:20E38D0077F8045EF8127ECDDF0E6960296C2600300125AF954F9F9447F8132A666F7922D1
:20E3AD007021EED83AB628112A666F112700195D541A21EDD822131A77F8022A5F562127E8
:20E3CD0000194D44FAEBD80203FAECD802F8027EEAEBD8F8037EEAECD8E815C96D00FFFF87
:20E3ED00FFFFFFFFFFFFFFFFFFFFE0E0E0E0FFFFFFFFFFFFFFFFFFFFFFFF00000000FFFFA8
:20E40D00FFFFFFFFFFFFFFFFFFFF03030303FFFFFFFFFFFFFFFFFFFFFFFFFFFFFFFFE0E03D
:20E42D00E0E0E0E0E0E0E0E0E0E0E0E0E0E0000000000000FFFFFFFFFFFFFFFFFFFF030393
:20E44D00030303038383838383838383838383838383838383838383838383838383FFFF57
:20E46D00FFFFFFFFFFFFFFFFFFFFFFFFFEFEFFFFFFFFFFFFFFFFFFFFFFFFFFFF0000FFFFAF
:20E48D00FFFFFFFFFFFFFFFFFFFFF8F80000FFFFFFFFFFFFFFFFFFFFFFFF07070303FFFF83
:20E4AD00FFFFFFFFFFFFFFFFFFFFFCFC0000FFFFFFFFFFFFFFFFFFFFF0F000000000FFFF8D
:20E4CD00FFFFFFFFFFFFFFFF000000000000FFFFFFFFFFFFFFFFC0C0000000000000FFFFC1
:20E4ED00FFFFFFFFFFFF0000000000000000FFFFFFFFFFFF00000000000000000000FFFF1D
:20E50D00FFFFFCFC00000000000000000707FFFFFFFF00000000000000000000FFFFFFFFF2
:20E52D00F0F000000000000000001F1FFFFFFFFF00000000000000000000FFFFFFFF8080B8
:20E54D0000000000000000007F7FFFFFFFFF00000000000000000101FFFFFFFFFFFF0000B8
:20E56D00000000000000FFFFFFFFFFFFFFFF0000000000000000F8F8F8F8F0F0F0F00303F0
:20E58D00030307073F3F3F3F3F3F7F7F7F7FFFFF8080000000000000000007070707C0C04A
:20E5AD0000000000000000003F3FFFFFFFFF00000000000000000000FFFFFFFFFFFF0000DA
:20E5CD00000000000707FFFFFFFFFFFFFFFF000000001F1FFFFFFFFFFFFFFFFFFFFF0000F4
:20E5ED000000FFFFFFFFFFFFFFFFFFFFFFFF00007F7FFFFFFFFFFFFF00FF00FF00FF010123
:20E60D00FFFFFFFFFFFFFFFF00FF00FF00FFFFFFFFFFFFFFFFFFFFFF01FF01FF01FFF0F022
:20E62D00F0F0F0F0F0F0F0F0F0F0F0F0F0F07F7F7F7F7F7F7F7F7F7F7F7F7F7F7F7F0707AF
:20E64D000707070707070707070707070707FFFFFFFFFFFF97FF97FFFDFFFFFF8DFFFF00A0
:20E66D0040BF40FF00FF00FF00FF00FF01FFFF0078FF78FF00FF00FF00FF40FFC0FFFF016B
:20E68D0009F705FF01FF01FF01FF09FF19FFF0F0E0E0E0E0E0E0E0E0E0E0E0E0E0E07F7F2B
:20E6AD00FFFFFFFFFFFFFFFFFFFFFFFFFFFFFFFFFCFFF8FCF8F8F8F9F9FFFFFFFEFF87FF14
:20E6CD0009FF09FD01FD0DFF0FFF0FFF0FFF1FFF1FFF3EFF3CFF3FFF06FF00FF609FD0EF37
:20E6ED00C0FFC7FFC7FF83FF00FF00FF00FFFDFFFDFFF8FF98FEF0FEE1FF01FF01FFFFFFF2
:20E70D00C3FF00C30000001B1BFFFFFFFFFFFFFF07FF0007000000F8F8FFFFFFFFFFE0E080
:20E72D00E0E0E0E0E0E0C1C1C1C1C1C1C1C1FEFFFFFFFFFFFFFFFFFFFFFFFFFFFFFF0FFF87
:20E74D001FFFFFFFFFFFFFFFFFFFFFFFFFFF40BF00FF00FF00FF01FF01FF01FF45BB00FF9F
:20E76D0000FF7CFFFFFFFFFFFFFFFFFFFFFF01FF01FF01FF19E700FF00FF91EF9DE3FFFF20
:20E78D00FFFFFFFFF8FFDFFFDFFFFFFFFFFFFFFFFFFFFFFF07FFFFFFFFFFFFFFFFFFC1C147
:20E7AD00C1C1C1C1C1C1C1C1C1C1C3C3838321FF25FF00FF00FF43BF00FF00FFFFFFA7FF50
:20E7CD0087FF03FF80FF7BFF00FF00FFFFFF9DE389E309E301FFC9F705FF01FFFFFF83830F
:20E7ED000707070707070707070707070707FFFFFFFFFFFFFFFFFEFEFEFEFEFEFEFE0707B4
:20E80D000707070707070F0F0F0F0F0F0F0FFEFEFEFEFEFEFEFEFEFEFEFEFEFEFCFC0F0F4F
:20E82D000F0F0F0F0F0F0F0F0F0F0F0F1F1FFCFCFCFCFCFCFCFCFCFCFCFCFCFCFCFC1F1FDB
:20E84D001F1F1F1F1F1F1F1F1F1F1F1F1F1FFFFFFFFFFFFFFFFFFFFFFFFFD7FFCFFFFCFC69
:20E86D00FCFCF8F8F8F8F8F8F8F8F8F8F8F81F1F3F3F3F3F3F3F3F3F3F3F3F3F3F3FCFFF75
:20E88D00FFFFFFFF7CFF00FFFFFFFFFFFFFFF8F8F8F8F8F8F8F8F0F0F0F0F0F0F0F03F3F3D
:20E8AD003F3F3F3F3F3F7F7F7F7F7F7F7F7FF0F0F0F0F0F0F0F0F0F0F0F0F0F0E0E07F7FFB
:20E8CD007F7F7F7F7F7F7F7F7F7F7F7FFFFF07070000000000000000000007070707FFFF11
:20E8ED00FFFF07070000000000000000F8F8FFFFFFFFFFFF7F7F0000000000000000FFFF19
:20E90D00FFFFFFFFFFFF0707000000000000FFFFFFFFFFFFFFFFFFFF3F3F00000000FFFF70
:20E92D00FFFFFFFFFFFFFFFFFFFF03030000FFFFFFFFFFFFFFFFFFFFFFFFFFFF3F3FE0E09E
:20E94D00E0E0C1C1C1C1C1C1C1C1C1C1C1C107078F8FFFFFFFFFFFFFFFFFFFFFFFFF8080BE
:20E96D00FFFFFFFFFFFFFFFFFFFFFFFFFFFF0000FCFCFFFFFFFFFFFFFFFFFFFFFFFF0000AC
:20E98D000000C0C0FFFFFFFFFFFFFFFFFFFF000000000000FCFCFFFFFFFFFFFFFFFF000004
:20E9AD00000000000000E0E0FFFFFFFFFFFF01010000000000000000FEFEFFFFFFFFFFFF98
:20E9CD001F1F0000000000000000E0E0FFFFFFFFFFFF01010000000000000000FFFFFFFF34
:20E9ED00FFFFFFFF0F0F0000000000000000C1C1C1C1C1C1C1C10303030303030303F0F0F0
:20EA0D00FFFFFFFFFFFFFFFFFFFFFFFFFFFF030383838383C7C7FFFFFFFFFFFFFFFFFFFF61
:20EA2D00FFFFFFFFFFFFFFFF070703030303FFFFFFFFFFFFFFFFFFFFFFFFFEFEFEFE8383C5
:20EA4D008383838383838383030303030303E0E0E0E0FFFFFFFFFFFFFFFFFFFFFFFF030305
:20EA6D000303838383838383838383838383FEFEFEFEFEFEFEFEFEFEFEFEFEFEFEFE00007F
:20EA8D0000000F0F0F0F0F0F0F0F0F0F0F0F03030303FFFFFFFFFFFFFFFFFFFFFFFF0F0F97
:20EAAD000F0F0F0F0F0F0F0F0F0F0F0F0F0F6D00FF00FF00FF00FF00FF00FF00FF00FF0012
:20EACD00FF00FF00FF00FF00FF00FF0FFF0FFF0FFF00FF00FF00FF00FF00FFFFFFFFFFFF0F
:20EAED00FF00FF00FF00FF00FF00FFFEFFFEFFFEFF00FF00FF00FF00FF00FF0FF80FF90FFF
:20EB0D00FF00FF00FF00FF00FF00FFFFE0FFF3FFFF00FF00FF00FF00FF00FFFF00FFFEFF29
:20EB2D00FF00FF00FF00FF00FF00FFFF03FF05FFFF00FF00FF00FF00FF00FE01FE01FE01D1
:20EB4D00FF00FF00FF00FF00FF0081FF00FFFBFFFF00FF00FF00FF00FF0008FF00FFBFFF75
:20EB6D00FF00FF00FF00FF00FF0000FF00FFF3FFFF00FF00FF00FF00FF001FE01FE09FE025
:20EB8D00FF0FFF0FFF0FFF0FFF0FFF0FFF0FFF0FFFFFFFFFA7FFA1FFA7FFA1FF00FF00FF72
:20EBAD00FFFFFFFF25FF2DFF2DFF21FF00FF00FFFFFEFFFE7FFE7FFE7FFE3FFE1FFE1FFECA
:20EBCD00F90FF90FF90FF80FF90FFF0FF80FF80FE7FFFFFF7FFF3FFF7FFFFEFFFEFFFEFFD0
:20EBED00FFFFFFFFFFFFF3FFF3FF01FF1FFF1FFF81FFC3FFE2FFE0FFF0FFF0FFFCFFFCFF18
:20EC0D00FE01FE01FE01FE01FE01FE01FE01FE01FBFFDBFFFBFFFBFFF8FFDBFF40FF00FF18
:20EC2D00FFFF79FF79FF79FF39FFF9FF40FF00FFF7FFB6FFB6FFB6FFB6FFF7FF00FF00FF35
:20EC4D009FE0FFE09FE01FE09FE09FE01FE01FE000FF00FF0FFF0FFF1FFF1FFF1FFF0FFF4D
:20EC6D000FFFFFFFFFFFFFFFF8FFE0FFE0FF61FF1FFE1FFE1FFE1FFE1FFE1FFE5FFEDFFE82
:20EC8D00F80FF90FF90FF90FF90FF90FF90FF80FFFFFFBFFFBFFFBFFFBFFF8FFF8FFFFFF57
:20ECAD00FFFFF9FFE0FF80FF02FF7DFF7FFFFFFFFCFFFCFFFCFF7CFF7CFFFCFFFCFFFCFF22
:20ECCD00FFFFFFFFFFFFFFFFF0FFC0FFC0FFE0FFFFFFFFFF80FF80FF1EFF3EFF3EFF1EFF35
:20ECED00FFFFFFFF7FFF7FFF01FF00FF00FF00FFFFE0FFE0FFE0FFE0FFE0FFE07FE0FFE09A
:20ED0D0008FF00FF00FF00FF28FF28FFFFFFFFFF7FFF01FF00FF00FF8FFF8FFFFFFFFCFF07
:20ED2D00DFFEDFFE5FFE1FFEFFFE7FFEBFFE1FFEF80FF80FF80FF80FF80FF80FF90FF80F05
:20ED4D00FFFFFFFFFFFF7FFF3FFF1FFF1FFF03FFFFFFFFFFF7FFF7FFF3FFF2FFFFFFFEFFEC
:20ED6D00FCFFFCFFF0FFF0FF60FF60FFC0FF00FFFCFFFFFFFFFFFFFFFFFFFFFF00FFA8FF9F
:20ED8D000CFF80FFFFFFFFFFFFFFFFFF00FF3BFF03FF3FFFFFFFFFFFFFFFFFFF00FF70FF05
:20EDAD00FFE0FFE0FFE0FFE0FFE0FFE01FE01FE0FFFFFFFFFFFFFFFFFFFFFFFFFFFFFFFF1E
:20EDCD00FCFFFFFFFFFFFFFFFFFFFFFFFFFFFFFF1FFEFFFEFFFEFFFEFFFE1FFE1FFE3FFEB1
:20EDED00F80FF80FF90FF90FF90FF90FF90FF90F03FF03FFB7FFB7FFB8FFF6FFF6FFE4FFD4
:20EE0D00FEFF00FFC6FF9FFF1BFF9BFF9BFF9AFF00FF00FF72FF7CFF0AFF7CFF7CFF0CFFAB
:20EE2D00FE01FE01FE01FE01FE01FF01FF00FF00A8FF00FF00FFC4FF00FFFFFFFF00FF0069
:20EE4D003BFF00FF00FF00FF00FFFFFFFF00FF0070FF00FF01FF01FF00FFFFFFFF00FF000A
:20EE6D001FE01FE0FFE0FFE01FE0FFE0FF00FF00F0FFF0FFF0FFFFFFFFFFFFFFFFFFFFFF2A
:20EE8D003FFE3FFE3FFEFFFEFFFEFFFEFFFEFFFEF90FF90FF80FF80FF80FFB0FFB0FF80F7D
:20EEAD0087FF83FF00FF00FF44FFE7FFE7FF00FF9EFF86FF00FF00FF18FFBFFFFEFF00FF40
:20EECD007CFF7CFF00FF00FF22FF77FF77FF40FFFFFEFFFEFFFEFFFEFFFEFFFEFFFEFFFEFD
:20EEED00FB0FFB0FF80FFB0FFB0FF80FF80FF80F77FFF0FF20FF7CFF74FF24FF00FF00FF2E
:20EF0D00C7FFF6FF20FF67FF63FF01FF00FF00FFFEFFFEFF00FFDCFF7CFF88FF00FF00FF70
:20EF2D00FF00FF00FF00FF00FF00FF00FF003FC0FF00FF00FF00FF3FC03FFF7FFF7FFF7027
:20EF4D00FF00FF00FF00FFFF00FFFFFFFFFFFFF0FF00FF00FF00FFFF00FFFFFFFFFFFF7852
:20EF6D00FF00FF00FF00FFFF00FFFFFFFFFFFF38FF00FF00FF00FFF80FFCFFFCFFFCFF1C47
:20EF8D00FF00FF00FF00FB1EFB1EFB1EFB1EFB1EFF0FFF0FFF0FFF0FFF0FFF0FFF0FFF1F6A
:20EFAD00FFFEFFFEFFFEFFFEFFFEFFFEFFFEFFFFFF00FF00FF00FF00FF00FF00FF00FFFF64
:20EFCD00FF00FF00FF00FF00FF00FF00FF00FFC0F80FFF0FFF0FFF0FFF06FF00FF00FF0039
:20EFED000CFFFFFFFFFFFFFFFFDBFF00FF00FF0040FFFFFFFFFFFFF3FF41FF00FF00FF00BE
:20F00D0000FFFFFFFFFFFFF7FFA4FF00FF00FF00FF01FF01FF01FF01FF01FF01FF01FF0152
:20F02D003FC03FFF38FF38DF30DF30FF30FF30FFFF70FFFF00FF00FF00FF00FF00FF00FF35
:20F04D00FFF0FFFF00FF00FF00FF00FF00FF00FFFF78FFFF00FF00FF00FF00FF00FF00FF4D
:20F06D00FF38FFFF07FF08FF08FF08FF08FF08FFFF1CFFFFC0FF40FF80FF80FF80FF80FF12
:20F08D00FB1EFBFE3BFE3BFE3BFE3BFE3BFF3BFFFFFFFFFFFFFFFFFFFFFFFFFFFFFFFF0008
:20F0AD00FFEFFFFFFFFFFFFFFFFFFFFFFFE0FF00FFFFFFFFFFFFFFFFFFFFFFFFFF00FF008F
:20F0CD00FFFFFFFFFFFFFFFFFFFFFFFFFF01FF00FFFFFFFFFFFFFFFFFFFFFFFFFFFFFF013E
:20F0ED0030FF30FF30FF30FF30FF30FF30FF30FF00FF00FF00FF00FF00FF00FF00FF00FF93
:20F10D0008FF08FF08FF08FF08FF08FF08FF08FF80FF80FF80FF80FF80FF80FF80FF80FFB2
:20F12D003BFF3BFF3BFF3BFF3BFF3BFF3BFF3BFF30FFF0FFF0FFF0FFF0FF70FFF0FFFFFFAB
:20F14D0000FF00FF00FF00FF00FF00FF00FFFFFF08FF08FF08FF08FF08FF08FF08FFFFFF7C
:20F16D0040FF3FFF00FF00FF00FF00FF00FFFFFF3FFFDFFF1FFF1FFF1FFF1BFF1BFFFFFF64
:202FDC00E8F5F8017B2272F80979227001CBC0F8012A5F3A2B571A222A5F566B6223E57DAD
:202FFC00F80777E17CF80677F8007EB7CA6231696023E57DF80577E17CF80477F8007ED605
:20301C0025C22B31F8052A5F3A571A5E235613FE25CAF030FE442816FE63CABB30FE642809
:20303C004BFE66CADD30D674CAC930C3F530F8057B227A322A5F561AC6D0EA17DAF8092A1E
:20305C005F561A6F131A67C5E51E0521386BCD253AE804F80473FAD9C1B72805C5CD5A38CE
:20307C00E1F8046E2600094D44C34231F8092A5F561A6F131A67AFEA17DAC5E51E05213846
:20309C006BCD253AE804F80473FAD9C1B72805C5CD5A38E1F8046E2600094D44C34231F84D
:2030BC00092A5F561A02F8032A4F4618793E0102F8032A4F46F8092A5F561AC602020318CB
:2030DC00653E0202F8032A4F46F8092A5F561A3C02031852F8057B2272F8052A5F562101C4
:2030FC00007B955F7A9CF808327B222B2A5F3A2B571A222A5F566B6223E57DF80377E17CB4
:20311C00F80277F8067E02F8032A4F46C3EB2FF8005EF8057EF80177F8067EF802227B02B7
:20313C002A4F46C3EB2FF8052A5F566B6223E57DF80377E17CF80277F8092A5F3A571B1B18
:20315C007B2272C3EB2FAF02F8052A4F46E80BC9E8F4F8122A4F46595013131AE0901AEA3C
:20317C0000203333C5D1D51AF80A22131A323A2B77F80B3A2B2236C92336C121080009E50F
:20319C007DF80477E17CF80377F8147EF80777F81435F8077EB72864F80A7EF80477F80B5D
:2031BC007EF80577F80A2A5F3A571B1B7B227A322B2B2A5F561A6F131A674D44CB21CB10BC
:2031DC00CB7C280DF8022A5F561A6F131A670918042119C4095D541AF80622131A77F804AA
:2031FC002A5F2A572A12132A122A5F5621020019E57DF80A77E17CF80977188DF8082A5F25
:20321C005601C9C1CDDC2FE1E5792270E80CC93B3BF8082A4F462108000933335D54D51ADE
:20323C004F131A4721FEFF095D544B420AE0900AEA00207BC6FC4F7ACEFF476B622B2B2A55
:20325C006E5F55CDDC2FF80A7EB72817D1D51A4F131A475EAF6B672979954F789C47E1E5D9
:06327C007922703333C912
:20F18D00FABADAEABBDAF8087EEAC4C0AFEAC9C0EAC2C0F8097EFE34D0C6CC2600E533F595
:20F1AD00331E0121B541CD253AE1C9F8087EB7280ACDDE0521E4C17B2272C9CDE60521E491
:20F1CD00C17B2272C9F8093A8787874F7E87878721C0C07121BFC071EABEC0EABDC0C9F8A4
:20F1ED00087EB7280E237EF5331E0121DE4ACD253A33C90E00F80946CB402814FABDC02102
:20F20D00BEC0962009FABFC021C0C09628020E01CB482808FAC2C0B720020E01FABDDACBB8
:20F22D00502806CB6720020E01CB582806CB6F20020E01CB602808FABDDAB720020E0179D7
:20F24D00B7C8F8062A4F4621100009360169602A66C6FD5F7CCEFF577B02037A02C9F80A12
:20F26D007E3C2008FAC5C0F80A77180DF80A7ED6FE2006FAC6C0F80A77F80A3A4F3A87873C
:20F28D0087477E8787875F21C0C07021BEC07379D6FD200921BFC07021BDC073C921C1C0FD
:20F2AD0071C9CDDE05F8094EAF69672929292929194D44F8086E2600095D5421E6C17B225F
:20F2CD0072F80A7EEAE8C1F80B7EEAE9C1F80C7EB73EC920023ECAEAEAC1C9F80C7EB7285E
:20F2ED0003AF18023EFFEACAC0F80D4678E6024FCB402849C5F80D3A573A5FD53A575ED581
:20F30D001E01211241CD253AE804C179B7C8F80B3A4705053A5F1D1D3A4F0C7E3CF80C6662
:20F32D00E533C53363E53361E533F533F80B2A5F56D51E0321AF72CD253AE807C9F80C7E14
:20F34D00B73EC920023ECAF533F80C3A573A5FD53A575ED5CD3437E80579B7C8F80C3A5717
:20F36D003A5FD53A573A5FD53A2BF5332A5F56D51E0321AF72CD253AE807C9F8087ED61423
:20F38D00302D237ED61230273E12962B473E1496F80B66E533F80B6668E5F533AF0FF5F8D9
:20F3AD000C2A5F56D51E0321E872CD253AE808F8093A8787874F7E87878721C0C07121BFA4
:20F3CD00C071EABEC0EABDC0C9E8F7F80F7EF80077F8107EF80177F8112A4F46CB21CB10FF
:20F3ED00CB7E281DD1D521080019E57DF80977E17CF808322A5F561A6F131A67094D7C183B
:20F40D00062119C4094D7CF8077123327EF80277F8087EF80377F8147EB7CAC274F8072AFB
:20F42D005F561AF80422131A77F8147EF807223600F8075D54F8041A1396231A9E1A57CBC7
:20F44D007E2807CB7A2008BF1805CB7A2801373E0017F80677B72806234E06001805F804C5
:20F46D002A4F4679D60178173F1FDE803009F8073E0122AF771811F8067EB7200BF8047E65
:20F48D00F807322B7EF80877F8074EE1E5232346D1D51A6F131A5D5779F533F8153AF5334F
:20F4AD007EF533C533D51E01216C49CD253AE8064F06001803010000F8022A666F79227048
:20F4CD00F80F2A4F4659501AF80522131A77F8145E16006B62291929E57DF80977E17CF8EC
:20F4ED0008322A5F56F8052A666F195D547B02037A02E809C9F8084E21E3C1710600696017
:20F50D0029093EDB854F3E058C470AEAE2C16960232A4F46FAE2C1F533110800D511DAC108
:20F52D00CD6A12C9CDDE05F8094EAF69672929292929194D44F8086E2600094D44F80C7E07
:20F54D00B73EC920023ECAF533F80C3A575ED5C51E0421BF7FCD253AE805C9FAE0D65FF897
:20F56D000D7ECD0F0FF80C7E1E00814F7B88477921D8D686234F788E47F80B3A573A5FD5BF
:20F58D003A575ED5FAE0D667FAD7D66FE5C5CD4C15E808C9E8FDF80B2A4F46CB21CB10CBA3
:20F5AD007E280FF8092A5F56210800192A666F0918042119C4094D44210A00097EC521E033
:20F5CD00D65ECD0F0F5950C1210800096E2600195D54210600097EF80077210400097EF844
:20F5ED000177696023237EF802770A4F21D8D62A835F7E8A57F8002AF5332AF53346C5FA54
:20F60D00E0D667FAD7D66FE5D5CD4C15E80BC9E8F4F8122A5F56F8162A4F46CB21CB10218C
:20F62D00080019E57DF80577E17CF80477F817CB7E280DF8032A5F561A6F131A670918044D
:20F64D002119C4097EF80577F8182A4F46CB21CB10CB7E280DF8032A5F561A6F131A670990
:20F66D0018042119C4097EF80677F81A7EF80777F81B7EF80877F81C7EF809322A5F3A2BA6
:20F68D00577ECD5212F80A79322B2A5F3A2B57137ECD5212F80B71F8142A4F46CB21CB1072
:20F6AD00CB7E280DF8032A5F561A6F131A670918042119C4097EEAA3DBF8082A5F562108AE
:20F6CD0000194D44F8077EF533210100395D54CD3212F8002A472A666FC533E5F80E3A57D5
:20F6ED005ED5F80B3A575ED5CD1812E807AFEAA3DBE80CC9F8087EEAECC1F8097EEAEDC11D
:20F70D00F80A7EEAEEC1F80B7EEAEBC1C9F8087EEAD2DAB72807F040F602E040C9F040E6C2
:20F72D00FDE040C9FABADA21BBDA962807FABADAF808A6C0F8062A4F462110000936016942
:20F74D00602A666F2B2B7D02037C02C90140DAF8087E3DE6076F26005D54292919094D4410
:20F76D0059501313F8092A120303032A5F567B02037A02C90168DAF8085E7BB7C8CB4328F2
:20F78D0004F8097E02CB3B0318F00168DAF8085E7BB7C8CB432802AF02CB3B0318F2F8082F
:20F7AD002A4F46CB21CB10CB7E280FF8062A5F56210800192A666F0918042119C4094D445B
:20F7CD0011B6DAF80A6E2600195E16007B02037A02C9F8084E79E601CB492813B728081E91
:20F7ED000521AE5EC3253A1E0521145EC3253AB728081E0521C85EC3253A1E0521305EC3C8
:20F80D00253A0170DAF8087E3DE6036F26005D54292919094D4459501313F8092A12030330
:20F82D00032A5F567B02037A02C90184DAF8087E3DE6036F260029094D44F8097E02037EB7
:20F84D0002C90184DAF8087E3DE6036F260029093600C90184DAF8087E3DE6036F26002946
:20F86D00094D44037E02C9E8FAF80C2A5F2A572A4F46CB21CB10210800193333E5F80FCBC0
:20F88D007E280CD1D51A6F131A67094D7C18062119C4094D7CF802712377F8102A4F46CB8F
:20F8AD0021CB10CB7E280CD1D51A6F131A67094D7C18062119C4094D7CF804712377F8122E
:20F8CD002A4F46CB21CB10CB7E280AD1D51A6F131A670918042119C4095EFAE0D6CD0F0F32
:20F8ED00F8042A5F561A6F2600095D54FAD7D64F7B21D8D686235F7A8E5779CD5212060060
:20F90D00F8022A666F712370E806C9E8FCF80A2A5F56F8112A4F46CB21CB1021080019E5AB
:20F92D007DF80477E17CF80377F812CB7E280FF8022A5F561A6F131A67094D7C1806211951
:20F94D00C4094D7CF800712377F80C2A4F46CB21CB10CB7E280EF8022A5F561A6F131A6702
:20F96D00094D18052119C4094D44F80F2A5F561313F8027B2272D1D51A6F131A672929291C
:20F98D00295D54F8022A666F195D540AF80E66E533D5F81666E533F533CDCA11E809C9E85C
:20F9AD00FCF80C2A4F3A2B2B47CB21CB102A5F56210800193333E5F80DCB7E280CD1D51A75
:20F9CD006F131A67094D7C18062119C4097C4DF802712377F80E2A4F46CB21CB10CB7E2855
:20F9ED000BD1D51A6F131A67094D18052119C4094D44F8105ECB432820FABADA21BBDA968B
:20FA0D002817F8022A666F3E01223600FABADA5F16007B02037A021854CB4B2823C51E0556
:20FA2D00217E6DCD253AC16FB72815E5F8042A666F3E02223600E11E007D02037B02182DA2
:20FA4D00F80A2A5F56211000193601F80A7EF80277F80B7EF803322A5F561A4F131A477963
:20FA6D00C6FA4F78CEFF473A6E67792270E804C9F8087EB72807F040F604E040C9F040E682
:20FA8D00FBE040C9E8F6F8135EFAE0D6CD0F0FF8127E1600815F7A8857FAD7D64F7B21D852
:20FAAD00D686235F7A8E5779CD5212F80071F8187E07E601F80177F8102A5F56F8177EF891
:20FACD000277F8187EF80332CB2623CB16D5F8172A5F5621020019D1E57DF80677E17CF8F4
:20FAED00057721080019E57DF80877E17CF80777FAEED6B7C2B07B79D680302C3E09F813B0
:20FB0D00963008F808AF2236801806F808AF223690F8004E06006960292929294D44F80884
:20FB2D002A666F094D441813790E00C6806F79CEFF67292929294D7CC68847F8017EB728B3
:20FB4D0020F8062A5F2A571A22131A322A5F56F8022A666F19E57DF80877E17CF807771820
:20FB6D00101119C4F8022A666F195D7CF806732377F8062A5F561A6F131A67292929295D89
:20FB8D0054F8042A666F195D7CF808712370F81466E533011000C54B47F80B2A5F56CD8CE6
:20FBAD0012184BF8017EB72814F8062A5F561A4F131A47F8022A666F094D44180B0119C40B
:20FBCD00F8022A666F094D440A6F2600292929294D44F8042A666F094D44F8147EF533C5A5
:20FBED003E01F533F8047EF533CDCA11E805E80AC9FAB7C0E6F74FF8087EB7280BCBD921D5
:20FC0D00B7C07121004071C921B7C07121004071C9E8FBF80D2A4F46CB21CB10CB7E280FC2
:20FC2D00F80B2A5F56210800192A666F0918042119C4097EF80377F8102A4F3A2B47030345
:20FC4D007EF533210100395D54CD3212F8002A4F2A477E585779CD5212F8007EF80477F83A
:1BFC6D00012A665F54131379F80466E533D5F533F8077EF533CDCA11E80AC91A
:063A8B00AF21FBD82277F9
:020000040001F9
:20000000AFEA0CDAEA0DDAAFEA0EDAEA0FDAFAFAD8D610201E2120D22A46AFCB802120D2BC
:2000200022702122D22A460E00CB80042122D2792270C92120D22A46AF2120D22270212249
:20004000D22A46AF2122D22270C9E8F7F8003604FAFAD8D61020232120D22A666F292929AC
:200060007CE60F20152122D22A666F2929297CE60F4F060079D608B02816FAFAD8D608C2D4
:20008000EC432120D22A4F2122D22AB1B7C2EC43AFEAC1D6F5331120D2D51125D2D51E04DE
:2000A000215E75CD253AE805B7C25645FABCDAF80777E5CB4EE12015FABADAF8087721BC23
:2000C000DA7EB7205CE5F80ACB4EE1285421C1D63601F80036032122D22A4F462129D22AFE
:2000E000666F097CF80677212BD22A666F094C1120D21AF80722131A772125D22A477E587E
:2001000057F8072A666F195C1D79F533F8077EF5333E08CD3013B7CA8042AFEAC1D6C380A6
:2001200042E5F809CB46E1200F21BCDA7EB7205CE5F80ACB46E1285421C1D63601F800369C
:20014000012122D22A4F462129D22A666F097CF80677212BD22A666F094C1120D21AF80727
:2001600022131A772127D22A477E5857F8072A666F195C1C79F533F8077EF5333E04CD30ED
:2001800013B7CA8042AFEAC1D6C38042E5F809CB56E1200F21BCDA7EB7206CE5F80ACB56BD
:2001A000E1286421C1D63601F80036022120D22A4F462125D22A666F097CF801772127D2BB
:2001C0002A666F097CF802221122D21A22131A772129D22A4F7EF8057123322A5F56F803EA
:2001E0002A666F19E57DF80977E17CF8087735F8023A575ED5F80A5E3E02CD0214B7CA80C2
:2002000042AFEAC1D61879E5F809CB5EE1200F21BCDA7EB7206AE5F80ACB5EE1286221C1E9
:20022000D63601F80036002120D22A4F462125D22A666F097CF801772127D22A666F097C07
:20024000F802221122D21A22131A77212BD22A4F7EF8057123322B2B2A5F2A572A666F194D
:20026000E57DF80977E17CF8087734F8023A575ED5F80A5E3E01CD0214B72804AFEAC1D649
:20028000F8007ED604281AFAC1D6F533F8017EF533111FD2D51E02214475CD253AE8041873
:2002A00006111FD2CD8D29110000D51E0221C078CD253AE178B1280F213300097EE60F28EF
:2002C0000621C3D6792270FAC1D6B7282CAFF533FAFAD8F5331E02211C76CD253AE178B1E3
:2002E000281721C3D6792270012FD2212ED27E027E3CEA30D2AFEAC1D6FABADAE6105FFAA4
:20030000BDDA570124D27BA25FB7286DC5FAFAD8F5331E0221FD76CD253A335950C17AB3CD
:200320002857213300197EE60F204E0AC602E603C5D52600E533F533D51E02214475CD2574
:200340003AE804D1C1AFEAC1D6212900197EF80877B72825212A00192A666FC5110000D54B
:200360003E01F533110000D5E5F8117EF5331E02212A6DCD253AE808C1FAFAD8D6103E02F5
:2003800028023E01F80622230A773D20102120D22A7EF8068621FCD8323600184FF8087E42
:2003A000D603201D1120D21AF80722131A773A2B962323773A22AF327E21FCD8323600185D
:2003C0002BF8087EB720102122D22A7EF8068621FCD83236001815F8087ED602200E2122FB
:2003E000D22A7EF8069621FCD8323600FAC1D6B7CA56452132D24EFA24D2F80677F8077995
:2004000022AF322B7E3D20162120D22A4F46F8072A666F094D442120D2792270185CF806C3
:200420007ED603201A2120D22A4F46F8072A5F5679935F789A4B472120D2792270183BF803
:20044000067EB720162122D22A4F46F8072A666F094D442122D2792270181FF8067ED60214
:2004600020182122D22A4F46F8072A5F5679935F789A4B472122D27922702124D24EFAFB09
:20048000D8F80777FAFCD8F80877793D201D2120D22A4F4621FBD82A917E98D256451120A1
:2004A000D2F8072A12137E12C3564579D60320432120D22A4F46595021FBD87B96237A9EBE
:2004C000300D1120D2F8072A12137E12C3564521FCD83AB6C256452132D26E1E003EFF95DB
:2004E0006F3EFF9B677995789C386B2120D2AF2277186379B7201B2122D22A4F4621FBD880
:200500002A917E9830501122D2F8072A12137E12184479D602203F2122D22A4F46595021FD
:20052000FBD87B96237A9E300C1122D2F8072A12137E12182121FCD83AB6201AFA32D25FC8
:2005400016003EFF935F3EFF9A577993789A38062122D2AF2277E809C90F0F0F0F0F0F0F4C
:200560000F0F0F0F0F0F0F0F0F0F0F0F0F0F0F0F0F0F0F0F0F0F0F0F0F0F0F0F0F0F0F0F9B
:200580000F0F0F0F0F0F0F0F0F0F0F0F0F0F0F0F0F0F0F0F0F0F0F0F0F0F0F0F0F0F0F0F7B
:2005A0000F0F0F0F0F0F0F00000000000000000000000000000000000000000000000000D2
:2005C0000000000000000000000F0F0F0F00000000000000000000000000000000000000DF
:2005E0000000000000000000000000000000000F0F0F0F00000000000000000000000000BF
:200600000000000000000000000000000000000000000000000F0F0F0F000000000000009E
:200620000000000000000000000000000000000000000000000000000000000F0F0F0F007E
:2006400000000000000000000000000000000000000000000000000000000000000000009A
:20066000000F0F0F0F0000000000000000000000000000000000000000000000000000003E
:20068000000000000000000F0F0F0F0000000000000000000000000000000000000000001E
:2006A000000000000000000000000000000F0F0F0F000000000000000000000000000000FE
:2006C000000000000000000000000000000000000000000F0F0F0F000000000000000000DE
:2006E000000000000000000000000000000000000000000000000000000F0F0F0F000000BE
:20070000000000000000000000000000000000000000000000000000000000000000000FCA
:200720000F0F0F00000000000000000000000000000000000000000000000000000000008C
:2007400000000000000F0F0F0F00000000000000000000000000000000000000000000005D
:2007600000000000000000000000000F0F0F0F00000000000000000000000000000000003D
:2007800000000000000000000000000000000000000F0F0F0F00000000000000000000001D
:2007A00000000000000000000000000000000000000000000000000F0F0F0F0000000000FD
:2007C00000000000000000000000000000000000000000000000000000000000000F0F0FEC
:2007E0000F00000000000000000000000000000000000000000000000000000000000000EA
:200800000000000F0F0F0F000000000000000000000000000000000000000000000000009C
:200820000000000000000000000F0F0F0F000000000000000000000000000000000000007C
:200840000000000000000000000000000000000F0F0F0F000000000000000000000000005C
:200860000000000000000000000000000000000000000000000F0F0F0F000000000000003C
:200880000000000000000000000000000000000000000000000000000000000F0F0F0F001C
:2008A000000000000000000000000000000000000000000000000000000000000000000038
:2008C000000F0F0F0F000000000000000000000000000000000000000000000000000000DC
:2008E000000000000000000F0F0F0F000000000000000000000000000000000000000000BC
:20090000000000000000000000000000000F0F0F0F0000000000000000000000000000009B
:20092000000000000000000000000000000000000000000F0F0F0F0000000000000000007B
:20094000000000000000000000000000000000000000000000000000000F0F0F0F0000005B
:20096000000000000000000000000000000000000000000000000000000000000000000F68
:200980000F0F0F0F0F0F0F0F0F0F0F0F000000000000000000000000000000000F0F0F0F67
:2009A0000F0F0F0F0F0F0F0F0F0F0F0F0F0F0F0F0F0F000000000000000000000000000029
:2009C00000000F0F0F0F0F0F0F0F0F0F0F0F0F0F0F0F0F0F0F0F0F0F0000000000000000CD
:2009E00000000000000000000F0F0F0F0F0F0F0F0F0F0F0F0F0F0F0F0F0F0F0F0F0F0000AD
:200A000000000000000000000000000000000F0F0F0F0F0F0F0F0F0F0F0F0F0F0F0F0F0FC8
:200A20000F0F0F0F000000000000000000000000000000000F0F0F0F0F0F0F0F0F0F0F0FC6
:200A40000F0F0F0F0F0F0F0F0F0F000000000000000000000000000000000F0F0F0F0F0FA6
:200A60000F0F0F0F0F0F0F0F0F0F0F0F0F0F0F0F0000000000000000000000000000000086
:200A80000F0F0F0F0F0F0F0F0F0F0F0F0F0F0F0F0F0F0F0F0F0F000000000000000000000C
:200AA0000000000000000F0F0F0F0F0F0F0F0F0F0F00010101010101010101010101010183
:200AC0000101010101010101010101010101010101010101010203040505050505050505D0
:200AE00005050505050505050505050505050505050505050505050505050506030403035C
:200B0000030303030303030303030303030303030303030303030303030303030303030375
:200B2000030703040303030303030303030303030303030303030303030303030303030350
:200B4000030303030303030703040303030303030303030303030303030303030303030330
:200B6000030303030303030303030303030703040303030303030303030303030303030310
:200B8000030303030303030308090A0B0303030303030307030403030303030303030303D6
:200BA00003090C010D0E0F101112131415161718191A0303030303030307030403030303DC
:200BC000030303031B1C1D181E051F2021222303030303030303242503030303030303075B
:200BE00003040303030303030303260303030303032728292A030303030303032B2C03038A
:200C0000030303030307030403030303030303032603030303032D2E2F3031323303030311
:200C200003033403030303030303030703040303030303030303260303030303353637382D
:200C4000393A3B03030303033C03030303030303030703040303030303030303260303032E
:200C6000030303033D3E3F030303030303030703030303030303030703040303030303035A
:200C800003032603030303030303030303030303030303034003030303030303030703048F
:200CA000030303030303030326030303030303030303030303030303034142030303030334
:200CC00003030307030403030303030303032603030303030303030303030303030303434C
:200CE00044030303030303030307030403030303030303032603030303030303030303032B
:200D00000303030303454603030303030303030703040303030303030303260303030303C6
:200D200003030347030303030303034849030303030303030307030403030303030303037F
:200D40002603030303030303034A030303030303034B4C0303030303030303070304030333
:200D600003030303030326030303030303030303030303030303034D4E030303030303035B
:200D80000307030403030303030303032603030303030303030303030303030303040303CA
:200DA0000303030303030307030403030303030303034F13501151520E5354095503030376
:200DC000030303560303030303030303030703040303030303030303570303035859205AE8
:200DE0005B185C5D155E5F11606103030303030303030307030403030303030303030303DC
:200E00000303030303030303030303030303626303030303030303030307030403030303AE
:200E200003030303030303030303030303030303030303030303030303030303030303074E
:200E4000030403030303030303030303030303030303030303030303030303030303030331
:200E600003030303030703040303030303030303030303030303030303030303030303030D
:200E80000303030303030303030303070304030303030303030303030303030303030303ED
:200EA00003030303030303030303030303030303030703040E0E0E0E0E0E0E0E0E64030309
:200EC00003030303030303030303030303650E0E0E0E0E0E0E0E0E66036720202020202078
:200EE00020202068030303030303030303030303030303696A20202020202020206B0303B9
:200F000003030303030303030307030303030303030303030303030303696C03030303039E
:200F20000303030303030303030303030303030703030303030303030303030303030369E7
:200F40006C03030303030303030303030303030303030303030703030303030303030303C4
:200F60000303030303696C030303030303030303030303030303030303030307030303033E
:200F80000303030303030303030303696C0303030303030303030303030303030303030322
:200FA0000307030303030303030303030303030303696C03030303030303030303030303FE
:200FC0000303030303030307030303030303030303030303030303696C03030303030303DE
:200FE0000303030303030303030303030307030303030303030303030303030303696C03BE
:201000000303030303030303030000000000000000000000000000000000000000000000B5
:201020000000000000000000000000000000000000000000000000000000000000000000B0
:20104000000000000000000000000000000000000000000000000000000000000000000090
:20106000000000000000000000000000000000000000000000000000000000000000000070
:20108000000000000000000000000000000000000000000000000000000000000000000050
:2010A000000000000000000000000000000000000000000000000000000000000000000030
:2010C000000000000000000000000000000000000000000000000000000000000000000010
:2010E0000000000000000000000000000000000000000000000000000000000000000000F0
:201100000000000000000000000000000000000000000000000000000000000000000000CF
:201120000000000000000000000000000000000000000000000000000000000000000000AF
:2011400000000000000000000000000000000000000000000000000000000000000000008F
:2011600000000000000000000000000000000000000000000000000000000000000000006F
:2011800000000000000000000000000000000000000000000000000000000000000000004F
:2011A00000000000000000000000000000000000000000000000000000000000000000002F
:2011C00000000000000000000000000000000000000000000000000000000000000000000F
:2011E0000000000000000000000000000000000000000000000000000000000000000000EF
:201200000000000000000000000000000000000000000000000000000000000000000000CE
:201220000000000000000000000000000000000000000000000000000000000000000000AE
:2012400000000000000000000000000000000000000000000000000000000000000000008E
:2012600000000000000000000000000000000000000000000000000000000000000000006E
:2012800000000000000000000000000000000000000000000000000000000000000000004E
:2012A00000000000000000000000000000000000000000000000000000000000000000002E
:2012C00000000000000000000000000000000000000000000000000000000000000000000E
:2012E0000000000000000000000000000000000000000000000000000000000000000000EE
:201300000000000000000000000000000000000000000000000000000000000000000000CD
:201320000000000000000000000000000000000000000000000000000000000000000000AD
:2013400000000000000000000000000000000000000000000000000000000000000000008D
:2013600000000000000000000000000000000000000000000000000000000000000000006D
:2013800000000000000000000000000000000000000000000000000000000000000000004D
:2013A00000000000000000000000000000000000000000000000000000000000000000002D
:2013C00000000000000000000000000000000000000000000000000000000000000000000D
:2013E0000000000000000000000000000000000000000000000000000000000000000000ED
:201400000000000000000000000000000000000000000000000000000000000000000000CC
:201420000000000000000000000000000000000000000000000000000000000000000000AC
:2014400000000000000000000000000000000000000000000000000000000000000000008C
:2014600000000000000000000000000000000000000000000000000000000000000000006C
:2014800000000000000000000000000000000000000000000000000000000000000000004C
:2014A00000000000000000000000000000000000000000000000000000000000000000002C
:2014C00000000000000000000000000000000000000000000000000000000000000000000C
:2014E0000000000000000000000000000000000000000000000000000000000000000000EC
:201500000000000000000000000000000000000000000000000000000000000000000000CB
:201520000000000000000000000000000000000000000000000000000000000000000000AB
:2015400000000000000000000000000000000000000000000000000000000000000000008B
:20156000005100FFFFFFFFFFFFFFFFFFFFFFFFFFFFFFFFFFFFFFFFF6F6F6F78180818081D2
:2015800080E187FFFFFFFF9F6FE7987E91708F708FFFFFFFFFFFFF7FFF0F0F070701010126
:2015A00001F981FFFFFFFFF0F0F0E0F1E081E081E0E1E1FFFFFFFF000000000000F700F7C5
:2015C00000FFFFFFFFFFFF07010F1167016F016F01FFFFFFFFFFFFE0E0E000E060670067F9
:2015E000000707FFFFFFFF07070000000018001800FFFFFFFFFFFFFFFF7F1F1F0F6F076FFA
:20160000071781FFFFFFFF0000000010007F007F00FFFFFFFFFFFF680806001000E000E0E1
:20162000008080FFFFFFFF7F7F1F0F0F0F18181818F0F8FFFFFFFFE8F880000600070007AC
:20164000000F1FFFFFFFFF0F070000000070007000E0E0FFFFFFFFFFFF7F7F1F0F070F0767
:201660000F0707FFFFFFFF8F8701870181008000800080FFFFFFFFFFFFFFFFFFFFFF7FFF3E
:201680007F1F1FFFFFFFFF81818F898187E189E1898181FFFFFFFFE0F0E0808080808080ED
:2016A00080E181FFFFFFFF0000000000007F007F00FFFFFFFFFFFF07078707070797679715
:2016C00067FFFF818799899989F181998189F99989998998E1E9E0E9E08FE0EFE0FEE18F50
:2016E000818F81E7E1E7E1E7E1E1E1F1E1E1E1E7E1E7E1FFFFFFE0FFE0F0E0F6E0FEE0FFDC
:20170000FFFFFFFFFFFF0FFF0F6F0F0F0F6F0FFFFFFFFF07678717871787070F0787076759
:2017200007670791818181818189819181F181E701E701FFFFFFFFFFFFFFFEF8FEFFF0FFE5
:20174000E0FFE0E080010101010707070F9F1FFF7FFF7FF0F8F0F8F0F8F0F8F0F8F0F8F028
:20176000F8F0F87F1F7E7F7E7F7878787000000700070080E0800080000101070F1F1F7FD6
:20178000FF7FFF07078707870707070707770787078707008000860086068707870F879F10
:2017A000879F871F0F0F070F0707070080E0E0F0F0F0F0818181818181E181F1819701871B
:2017C000018701E181E181E1818181818199819F819F81FFFFFF80FF80818088888188FFE7
:2017E000FFFFFFFFFFFF1FFF1F1F1F1F1F1F1FFFFFFFFF81898181808080808080FFE0FF12
:20180000FFFFFFFFFFFFFF7F007F000E00E619FFFFFFFF8F810F010F010F01070FFFFFFF75
:20182000FFFFFFE7E1F8E1EFE0EFE0FEE0FEFFFFFFFFFFFFFFFFFFFE00FE00FF008877FFA0
:20184000FFFFFFFFFFFFFF9107910719079967FFFFFFFFF707E707EE00EE009E0180FFFF5E
:20186000FFFFFFFFFFFFF876007600870001FFFFFFFFFFE7017F077F0F7F0F9F1EFFFFFFC3
:20188000FFFFFFFFE0FF807F807F801F007F80FFFFFFFFFF7FFFFFFF00FF00FE0001FEFF5F
:2018A000FFFFFFF8F8F8F8F91EF91EFE1FFE7FFFFEFFFE0701110707000700F0007910FFE3
:2018C00018FF18FFFFF9FE9F009F00FF00FF01F967FF61FF17F70FFF0FFF0FEF1FEF1FFF94
:2018E0000FFF0F9F8797EFEF87EF87FF8797FFFFFFFFFFF0F0F8F8FEFEFEFEFFFFFFFFFF58
:20190000FFFFFF0F017F0177017701F70197E7FFFFFFFFFF819181E780E780E0EFF9FFFFB2
:20192000FFFFFFFFFFFFFF710071008E07F609FFFFFFFFFFFFFFFF9F879F87FF079FFFFF51
:20194000FFFFFFFFFEFFFEFEFFFEFFFFFEFFFEFFFFFFFFFF18FF18F91EF97E997F997FFFB5
:20196000FFFFFFFF61EF71F16FFF61F9E7F9E7F7FFFFFFFF0F0FFFFFFFFFFFFFFFFFFFFF23
:20198000FFFFFFFFFFFFFFFFFFFFFFFFFEFEFEFEFEFEFCFFFFF8E0C780C780BF1F3F3F3F64
:2019A0003F3F7FFFFF370FC107C107F7FFFFFFFFFFFFFFFFFFE0E0EFE0EFE0EFE3EFE3EF77
:2019C000E3EFE3FFFF271FC307C307E3E3FBE3FBE3FBE3FEFCFEFCFCFCFCFCFCFCFCFCFE48
:2019E000FCFEFC7F7F7F7F7C7C7F7C7F7C7F7F3F7F3F7FFFFFFFFF0707F107F107F1C7F1EA
:201A0000C7F1C7EFE3EFE3ECE3E0E0E0E0EFE3EFE3EFE3E7E3E7E31FC703070307F8E3F87D
:201A2000F8F8F8FCFEFFFEFFFEFFFFFFFFFFFFFFFFFFFF7F3FBF1FBF1FC780D8E0D8E0FFA4
:201A4000FFFFFFF1C7F1C7F1C787077F0F7F0FFFFFFFFFEFE3EFE3EFE3EFE0E0E0E0E0FFF7
:201A6000FFFFFFF8F8E3F8E3F8E3031F071F07FFFFFFFF5100FF00FF00FF00FF00FF00FF4A
:201A800000FF00FF00FF00FF00FF3FFF3FFF3FFF3FFF3FFF3FFF00FF00FFFFFFFFFFFFFFDF
:201AA000FFFFFFFFFFFF00FF00FF80FF80FF80FF80FF80FF80FF00FF00FF07FF07F807F832
:201AC00007F807F807FF00FF00FFFFFFFF01FF3FFF7FFF7FFFFF00FF00FFFFFFFFE0FFFCF8
:201AE000FFC7FFC7FFFF00FF00FFF8FFF807F807F807F807F8FF3FFF3FFF3FFF3FFF3FFF3E
:201B00003FFF3FFF3FFFFFFFFFFFFFFFFFFFFFFFFFFFFFFFFFFF80FF80FF80FF80FF80FFA0
:201B200080FF80FF80F807F807F807F907F907FF01F907F906FCFFFCFFFCFFFFFFFFFFC07E
:201B4000FFC0FFF9FF07FF07FFFFFFC7FFC7FF03FF23FFE7FF87F887F8C7F8C7F8C7F8C72D
:201B6000F8C7F8C7F8F906F906F906F807F807F807F807F807F9FFC6FB7FFF06FF06FF06B0
:201B8000FF06FF06FFE7FFE3FFDFFFFBFFFBFFFBFFFBFFFBFFC7F887F887F807F807F807F2
:201BA000F807F807F8FE01FE01FF01FF01F907FF01F907F9077F877986C77FC77FFDC73F9D
:201BC000C5FE07FE07F8FF00FF3CFF3CFF3CFF38FF38FF38FF07F807F8C7F8C7F8C7F807A8
:201BE000F8C7F8C7F8FF00FF00FF00FF00FF00FF00FC03FF07FF00FF00FF00FF00FF00FF76
:201C00007F00FFFFFFFF00FF00FF00FF00FF00FFFC01FEFFFFFF00FF00FF00FF00FF00FF5B
:201C200000FF01FF81FF00FF00FF00FF00FF00FFFE00FFFFFFFF00FF00FF00FF00FF00FF35
:201C400000FF80BFC3FF00FF00FF00FF00FF00FF1FC0FFFFFFF906F906F907FF00FF00FFB2
:201C600001FFE0FFE07E817E81C5BF7E817E81FE47FFFB00FFD827D827C0FFC33FC33F0026
:201C8000FFDFFF00FF07F807F8A7F807F807F8E7F847F807F8FF00FF00FF00FF00FF000FA6
:201CA000FF7FFFFFFFFF00FF00FF00FF00FF00FFFFFFFFFFFFFF00FF00FF00FF00FF00FFBA
:201CC00000FF00FF7FFF00FF00FF00FF00FF00FF00FF00FFFFFF3FFF3FFF3FFF3FFF3FFF5B
:201CE0003FFF3FFFFFFF80FF80FF80FF80FF80FF8081FEFFFFFF00FF00FF00FF00FF00FFF8
:201D00000000FFFFFFFF00FF00FF00FF00FF00FF00609FFFFFFF07FF07FF07FF07FF07FFB2
:201D20000717EFFFFFFF81FF81FF81FF81FF81FF8181FFFFFFBFC3BFC3BFC3BFC3BFC3BFD1
:201D4000C383FFFFFFFFE0FFE0FFE0FFE0FFE0FFE0FFE0FFFF00FFC33CFF00FF00FF00FF2F
:201D600000FF00FFFF00FFC43BFF00FF00FF00FF00FF00FFFF07F807F8FF00FF00FF00FF75
:201D800000FF00FFFFFF7FFF7FFF7FFF7FFF7FFF00FF00FF00FFFFFFFFFFFFFFFFFFFFFFDE
:201DA00000FF00FF00FFFFFFFFFFFFFFFFFFFFFF07FF07FF07FFFFFFFFFFFFFFFFFFFFFF28
:201DC000FFFFFF80FFFFFFFFFFFFFFFFFFFFFFFFFFFFFF03FFFFFFFFFFFFFFFFFFFFFFFF9E
:201DE00081FF81FF81FFFFFFFFFFFFFFFFFFFFFFFFFFFF00FFFFFFFFFFFFFFFFFFFFFFFF7C
:201E000083FF83FF83FFFFFFFFFFFFFFFFFFFFFFFFFFFFC0FFFFFFFFFFFFFFFFFFFFFFFF95
:201E2000FFFFFF01FFFFFFFFFFFFFFFFFFFFFFFFE0FFE0FFE0FFFFFFFFFFFFFFFFFFFFFF1D
:201E40007FFF7FFF7FFF07FF07FF07FF07FF07FF07FF07FF0780FF80FF80FF80FFFFFFFFDE
:201E6000FFFFFFFFFF03FF03FF03FF03FFFFFFFFFFFFFFFFFFFF81FF81FF81FF81FF81FFE8
:201E800081FF81FF8100FF00FF00FF00FFFFFFFFFFFFFFFFFFFF83FF83FF83FF83FF83FF44
:201EA00083FF83FF83C0FFC0FFC0FFC0FFFFFFFFFFFFFFFFC001FF01FF01FF01FFFFFFFFE9
:201EC000FFFFFFFF01FFE0FFE0FFE0FFE0FFE0FFE0FFE0FFE0FF7FFF7FFF7FFF7FFF7FFF98
:201EE0007FFF7FFF70FFFFFFFFFFFFFFFFFFFFFFFFFFFFFF00FF07FF07FF07FF07FF07FF68
:201F000000FF00FF00FF80FF80FF80FF80FF80FF00FF00FF00FF03FF03FF03FF03FF03FF42
:201F200000FF00FF00FF81FF81FF81FF81FF81FF00FF00FF00FF83FF83FF83FF83FF83FF9D
:201F400000FF00FF00FFC0FFC0FFC0FFC0FFC0FF00FF00FF00FF01FF01FF01FF01FF01FFCC
:201F600000FF00FF00FFE0FFE0FFE0FFE0FFE0FF00FF00FF00FF70FF70FF70FF70FF708F51
:051F8000708F70FF00EE
:201F8500210000360A21B7C07EE6F077EA004021FDD83E0622AF7701C15F6960233A6EB562
:201FA500C8696023232A6E5F5513131321FDD87E83227E8A77030303030318DE19C4000E38
:201FC50000D7C230010107C402000209C40200030BC40200040DC40200050FC401000640C9
:201FE500DA28000768DA08000870DA14000984DA08000A35DA01000B3ADA02000C21DA145E
:20200500000DD4D603000E30D702000FF0D64000101FD2980411B7D6020012BBD6020013E0
:20202500C1D6010014C3D602001517DB0200160000000000E8F8F803322B7B227A2223AFF2
:202045002277F8003600F806AF2277F8077EF803963045232A5F5621FDD82A666F19E57D79
:20206500F80677E17CF805322A5F5621FDD82A666F194D44AFB93E20983018F806347EF88E
:202085000077F8067ED6033805010000182FAFF8042277F8073418B3F8007EF80777F801C3
:2020A5002A5F56F8073A2B2B122A5F562100A019E57DF80877E17CF807322A4F46E808C903
:2020C500E8F5F8025D54F8117ECD396078B1CAB961F8025E21B7C07EE6F0577BE60FB27745
:2020E500EA0040217C04545DF8071A22131A22131A22131A775950F8072A12132A12132A72
:2021050012133A12030303035950FAFDD81213FAFED812030336C123365FF8093A2B77F834
:202125000A3A2B322A5F561A6F131AB5CAB9613333C5F8092A5F5621020019E57DF80577AE
:20214500E17CF804322A5F2A571A22131A32D1D52A12137E120303F8092A5F5621040019A1
:202165005D541A0203F805792278322B2B2A5F561A4F131A47F8072A5F3A571A22131A773D
:20218500F8052A5F2A57C52A4F46CD8110F8032A5F2A571A4F131A472A666F094D44F809D5
:2021A5002A5F5621050019E57DF80B77E17CF80A77C31F61E80BC9E8F3F8005D54F8137E3E
:2021C500CD3960F80B792270F80C3AB6CA1863F8004E21B7C07EE6F04779E60FB077EA0055
:2021E50040F80B2A5F561AF80722131A22131A22131A77FA7C044F217D042A472A5F56F888
:20220500077E91200F237E90200A237E932005237E922804AFC31863F80B2A5F562106006B
:2022250019E57DF80377E17CF80277F80B36C123365FF80B2A5F561AF80322131A773AB67F
:20224500CAE6622B2B2A5F561A4F131A47F80B2A5F5621020019E57DF80777E17CF80632D2
:202265002A5F2A571A22131A327E912005237E902804AFC31863F8012A4F4603030AF80A6C
:20228500222A5F56210400195D541A5FF80A7E932804AFC3186303F809792278322A4F469C
:2022A500F8072A5F56D5F8052A5F56CD8110F8052A5F2A571A22131A322A5F2A572A666F81
:2022C50019E57DF80377E17CF80277F80B2A5F5621050019E57DF80D77E17CF80C77C3376D
:2022E50062FA35DA3C280EFA3ADAEA38DAFA3BDAEA39DA181CAFE021AFE01CAFE017AFE022
:20230500123EC0E0233EC0E0193EC0E0143EFFE0253E01E80DC93BF8005D54F8077ECD3916
:2023250060597857B1281AF8004621B7C07EE6F04F78E60FB177EA0040AF121312131213C7
:202345001233C9E8F7F8045D54F80F7ECD3960F805792270F8063AB6CAE563F8044621B7D1
:20236500C07EE6F04F78E60FB177EA0040F8052A5F561AF80022131A22131A22131A77FAEA
:202385007C044F217D042A472A5F56F8007E91200F237E90200A237E932005237E9228032F
:2023A500AF183DF8133AB628357EF80777F8137EF80832CB2623CB162B2B2B2A5F5621098E
:2023C50000194D44F8102A5E87CB13814F7B8847F8142A5F56F8072A666FE5CD81103E01D4
:0323E500E809C93B
:2023E8001E0121DA7FCD253A1E0521A176CD253A1E01217B74CD253A1E0521F36CCD253A5F
:202408001E0521C376CD253A1E0321BA55CD253A1E0521005ECD253A1E05210B5ACD253AEB
:202428001E0221336FCD253A1E01210040CD253AAFF5331E05212172CD253A33AFF5331ED7
:2024480005216172CD253A33AFF5331E0521456DCD253A33C9E8FCCDCB244F3E039138F737
:20246800060021746409094E236669E97C647C645F644065CDD435FABADAD6F020283E0141
:20248800F5331E02218A6CCD253A331105780605AFF533210000E5D5C5331E02212A6DCD8E
:2024A800253AE80618B1210FC47ED6013E0017EE01201FFABADAB72803CDCD33FAFFD8B76D
:2024C8002003CD8504FAB8C0E60F2003CD9934CDA9320EC0F09291200721A2DB36DF1805D7
:2024E80021A2DB36C0AFEAC9D61E0521375ACD253A1E03210956CD253A1E0221A96FCD25EF
:202508003ACD462621ECD83AB62806CD862BCD2B2F1E01213D48CD253A1E0221117DCD25E6
:202528003A21B8C0341E28FAC9D6CDAD0EFAA2DBE092CDBD01C35F64FA11C43D281AFA11D2
:20254800C4D6022857FA11C4D603CA1366FA11C4D604CA2E66C35F641E05210077CD253AF9
:20256800CD0602AFF5331E02218A6CCD253A33FAD60521D7054E23462601E533F533C51E3E
:2025880001210C77CD253AE804D6013E0017F803771E01215A7DCD253AC377661E052100B1
:2025A80077CD253AAFF5331E02218A6CCD253A33AFF5331E05216172CD253A33AFF5331EC1
:2025C80005212172CD253A33AFF5331E0521456DCD253A33FA14C44F2115C446FA13C4F588
:2025E80033210100395D54CD3212F8002A472A4F7E260168E547C51E01210C77CD253AE8CC
:2026080004D6013E0017F803771864FA13C42114C45E2356CD521279F5331E0421C560CDEC
:20262800253A33C35F641E0521C85ECD253A1E05210077CD253AFA13C42114C45E2356CD8F
:20264800521279F5331E0421BC61CD253A33EA10C4FAD4D621D5D64E23462600E533F53363
:20266800C51E01210C77CD253AE804F8033600F3FAEFD63D2809FAEFD6D602280A1810115F
:202688000236CDE138180E11BE36CDE1381806113F36CDE138AFE045FBFAD2DAB72006F037
:2026A80040F602E040AFEAFFD81E0221996FCD253ACD80040EC0F09291200721A2DB36DFC9
:2026C800180521A2DB36C0AFEAC9D61E0521375ACD253A1E0321EF5BCD253A1E0221B674E5
:2026E800CD253A1E0221A96FCD253ACD46261E28FAC9D6CDAD0EFAA2DBE092F8037EB7CA9E
:202708005F641E0521AE5ECD253AC35F64E804C9AFEAB6C0FAA0C0D6112006FA4301073844
:2027280003AF18023E01EAB5C0FAA1C0B72806FAB5C0B72003AF18023E01EAA1C0AFA7F500
:20274800110000D51100DFD5CD9639E8061E0421855FCD253ACDD9101E0521F777CD253A55
:202768003E67E0403E07E04B3E90E04AF00406004FC5CD7137E1CD06023E01F5331E022143
:202788008A6CCD253A33F321D0DA36BE2336DAAFE04511EA36CDED01F041F640E041FAA015
:2027A800C0D611200CFA430107E6014FB73E8020023EC0E0063E07E007F0FFF60EE0FFFB4F
:2027C800F040F680E0400605AFF533110000D5110578D5C5331E02212A6DCD253AE806C353
:2027E8005D64E8F7F80F2A5F56211000193601F8112A4F46CB21CB10CB7E281F2B2B2B2A00
:202808005F5621080019E57DF80977E17CF808322A5F561A6F131A670918042119C4094DDB
:20282800442110DA7EE6FC773333C5D1D51AF80722131A327EF80277F8087EF8032203036F
:20284800792270FA04DAF80296203FFA05DAF803962037F8042A5F561A4F131A472106DA24
:202868007E912026237E902021F8147EEA10DAFA04DAEA08DAFA05DAEA09DAFA06DAEA0A13
:20288800DAFA07DAEA0BDAC3076AF8063600F8137EF807223600F8025D542104DA1A1396F7
:2028A800231A9E30312104DA2A5F56F8072A666F7B955F7A9C2105DA3273D1D51A4F131A92
:2028C8004759507B96237A9E38452104DA792270F806360118391104DAF8021A1396231ABE
:2028E8009E302C2104DA2A5F56F8072A666F195D542104DA7B227A32D1D51A4F131A47590C
:20290800502A937E9A38082B792270F8063601F8042A5F561A4F131AF802712377F8025D12
:20292800542106DA1A1396231A9E304F2106DA2A5F56F8072A666F7B955F7A9C2107DA3286
:2029480073F8042A5F2A23571A22131A327EF80477F8087EF80577F8045D542106DA1A137A
:2029680096231A9E3869F8077EEA06DAF8087EEA07DAF8067EB72857C3076A1106DAF802DC
:202988001A1396231A9E30472106DA2A5F56F8072A666F195D542106DA7B2272F8042A5FDD
:2029A8002A23571A22131A327EF80477F8087EF805321106DA1A1396231A9E3812F8077EDC
:2029C800EA06DAF8087EEA07DAF8067EB72030F80F7EF80377F8107EF804322A5F2A571A8A
:2029E80022131A322A5F562105007B955F7A9CF8083273F8032A5F56F8072A12137E12E87F
:202A080009C9F8082A4F46CB21CB10CB7E280FF8062A5F56210800192A666F091804211959
:202A2800C4094D4459501A2104DA22131A77030359501A2106DA22131A77FA04DAEA08DA74
:202A4800FA05DAEA09DAFA06DAEA0ADAFA07DAEA0BDA2110DA7EE6FC771E03210956C3250B
:202A68003AE8FAF80E7EB728192B2B2A5F56210800192A4F46FAA3C05F21A4C0567B020369
:202A88007A02FAA3C0F80477FAA4C0F80577F80C2A5F56210800192A666F2A4F46F8042A07
:202AA8005F567B915F7A98474BF80F7EF80077F8107EF80177D1D51A6F131A677995789C7B
:202AC800D2586BD1D521020019E57DF80477E17CF803322A5F561A4F131AD1D521040019BF
:202AE800E57DF80677E17CF80577CB412822CD46374BF8042A5F561A6F131A677D4487CB30
:202B080010591600E54FCD4E06E1794D91EA82D7F8022A5F561A4F131ACB492822CD463747
:202B28004BF8042A5F561A6F131A677D4487CB10591600E54FCD4E06E1794D91EA83D7F8EF
:1C2B48000C2A5F56211000194D4436011E001809AFEA83D7EA82D71E01E806C929
:020000040000FA
:050000000000C3380000
:04003800F3C3C30546
:0E05C300EA00D93E03EA0020FA00D9C3887C82
:20FC8800EA00D9F0FFEA01D9F040EA02D93E80E0403E01E0FF3E00E00F76003E00E04008EC
:20FCA8009E9D319E9DE5D5C5FA00D9F5F04F5FCB47281121969D0E0A46AFE04F702C3CE01D
:20FCC8004F0D20F4AFE026E04F7BEABB9D3E01E04F21CB9D0612AF0E15EF7DC60B6F052059
:20FCE800F5AFE04F3E03E0473E80E068AF0E69E2E23DE2E2E2E2E2E23E70E0423E5CE043BB
:20FD0800CD107E21B79D119C9D0E04F721CB9D11717F06033E20220E13F73E20227DC60BBF
:20FD28006F0520F03E200E15EF2E6B0E04F7C1CDC17D0E08F7FAA0C0CDC57D3E202222221F
:20FD48002E8B0E04F7C1CDC17D0E06F7C1CDC17D3E202222227DC60B6F0E04F7C1C5CDC198
:20FD68007D11C47F0E07F7D1CDE17D11CB7FCB7D28E311CF7F2EAB0E06F7FA02D9CDC57DCD
:20FD88000E04F7F04DCDC57D0E04F7FA01D9CDC57D36202ECB0E07F73E20221A1322FE20D2
:20FDA800280C1A134F1A13470ACDC57D18EA3E89E040AFE00F760018F9CDC67D794778E6C2
:20FDC800F0CB37C630FE3A3802C6072278E60FC630FE3A3802C60722C9424BCDC17D3E204F
:20FDE80022227BD6085F7ADE00577DC60B6F3E20221A13CDC57D1A13CDC57D3E2022CB65EB
:20FE080020EF7DE67F20E3C921377E2A5F2A57B3C84E23CB79280A2A121312130C20F9182A
:20FE2800F00C0D28E62A121312130D20F818E20090F8FF000092F8FF00D09208FFFFFFFF9A
:20FE4800C3FFFFFF00009350FFCFA733333397CFFFCF8F0FCFCFCF03FF8733E7CF9F3F0357
:20FE6800FF8773F3C7F37387FFC7A76703E7E7E7FF033F3F87F33387FF87333F07333387AE
:20FE8800FF03F3F3E7E7CFCFFF87333387333387FF87333383F3338700A09308FFFF9F9F13
:20FEA800FF9F9FFF00109442FFCFB77B7B037B7BFF077B7B077B7B07FFC3BF7F7F7FBFC324
:20FEC800FF0F777B7B7B770FFF037F7F037F7F03FF037F7F037F7F7FFF837F7F437B7B87DA
:20FEE800FF7B7B7B037B7B7BFF83FBEF0283FFFAFB0A07FF7B776F5F1F6F73FFFA7F1303D2
:20FF0800FF7B334B7B7B7B7BFF7B3B5B6B737B7BFF87FB7B2387FF077B7B077F7F7FFF8765
:20FF28007B7B7B5B6793FF077B7B076F777BFF837F7F87FB7B87FF01FAEF01FFFA7B0287A4
:20FF4800FFFB7B22B7CFFF7B7B7B7B4B337BFF7B7BB7CFB77B7BFFBBBBBBD7EFEFEFFF039A
:20FF6800FBF7EFDFBF030000004B45524E454C2050414E494320504C4541534553454E44A7
:20FF8800204120434C45415220504943204F46544849532053435245454E20544F2044453C
:20FFA80056532041463A20204D4F44454C3A2042433A20202044453A20484C3A20205649F5
:20FFC80045573A2053503A204C4344433A204B313A2049453A202042414E4B3A5290FF564B
:06FFE800BB9D5770FF20D5
:020000040001F9
:202B64002192DB360FF8087E218CDA77D602CABA04C9E8EFFA8CDAB720082192DB360FC32D
:202B8400B56EFA92DBD60F2004AFEA92DBFA92DBF810773E20F81D963E0017F80077F81AD3
:202BA4007E07E601F80177F8177EF80277F8187EF80377F8197EF80477F81A7EF80532CBAB
:202BC4002623CB16FA92DBF602F80677FA92DBF604F80777F81C7E07E601F80877F81B7E94
:202BE400F80977F81C7EF80A32CB2623CB16F8107EE601F80B77F8022A5F5621080019E5B7
:202C04007DF80E77E17CF80D77F8103A2BE60222233AE604227EE60877FA8CDA3D280BFA50
:202C24008CDAD602CA1D6DC36B6EF80B7EB72071F8007EB72804F81D3620AFEAB0DAEAB414
:202C4400DAF8017EB72814F80C2A5F561A4F131A47F8042A666F094D44180B0119C4F804DA
:202C64002A666F094D44F81D5E1600D5118DDACD811021B2DA368D2336DAF81D7EEAB1DAD8
:202C840021BBC03600F533CDA70433FAB1DAB73E012801AFEAB4DA2192DB7EF60177C36B18
:202CA4006EF80E7EB72010FAB4DAB7CA6B6EF8067EEA92DBC36B6EF80F7EB72010FAB0DAF6
:202CC400B7CA6B6EF8077EEA92DBC36B6EF8107EB7C26B6EF8007EB72804F81D3620F8088A
:202CE4007EB72814F80C2A5F561A4F131A47F8092A666F095D54180B0119C4F8092A666FE4
:202D0400095D54F81D4E0600C5018DDACD81102192DB7EF60877C36B6EF80F7EB7200FEA8F
:202D2400B0DAEAB4DAF8077EEA92DBC36B6EF8107EB7207CFAB0DAB7CA6B6EF8007EB72811
:202D440004F81D3620F8087EB72821F80C2A5F2A23571A22131A322A5F56F8092A666F19BE
:202D6400E57DF80F77E17CF80E77181B1119C4F8092A666F19E57DF81177E17CF810323AA8
:202D84002B77F8103A2B77F80D2A23322A2377F81D7EF80D22AF322A235F1600D5018DDAC7
:202DA4002A5F56CD81102192DB7EF60877C36B6EF80B7EB7C2596EF8007EB72804F81D3650
:202DC40020F8017EB72821F80C2A5F2A23571A22131A322A5F56F8042A666F19E57DF80F30
:202DE40077E17CF80E77181B1119C4F8042A666F19E57DF81177E17CF810323A2B77F810EC
:202E04003A2B77F80D2A23322A2377F81D7EF80D22AF322A235F1600D52A4F46118DDACD54
:202E2400811021B2DA368D2336DAF81D7EF81077EAB1DAAFEABBC0F8107EF533CDA7043366
:202E4400FAB1DAB73E012801AFEAB4DA2192DB7EF601771812F80E7EB7200CFAB4DAB72831
:202E640006F8067EEA92DBFA92DBD60F2843F8027EF80D77F8037EF80E322A5F2A23571AD2
:202E84004F131A4711060079935F789A327B322B2A5F2A572A12137E12F8022A5F562110DA
:142EA4000019E57DF81177E17CF810322A666F3601E811C990
:020000040000FA
:013A52000F64
:020000040001F9
:202EB800E0013E81E002F0020738FBF001C98833010000000100000088330F0000000F00FC
:202ED800000088330400000004000000883308000000010000002103D9460E00C5CDB86E4A
:202EF800C12103D92270C94F06007891300C041A13C5D5CDEE6ED1C118F0FA04D9D681202B
:202F180004FA03D9C93EF0C93B3B43FA05D9B7201E21A76F0E0679B7280D2AE5C5D5CDB89B
:202F38006ED1C1E10D18EF2106D93E8622AF770E10F80078227279B72827D1D51A5FFA06B8
:202F5800D92107D9462B1600835F788A732377D1D51AC5CDB86EC10DF8003420D92334182D
:202F7800D52105D9347ED6282021FA06D9CDB86EFA07D9CDB86EAFCDB86EAFCDB86EAFEAFE
:202F980005D92106D922773E011801AF3333C98833040080024FC5D53E0A11D06ECDFF6E71
:202FB800D1C147A1F8029628147B6A1BB520043EF0180B78E6F02005CDBD0118D978E1330E
:202FD800E9AFEA05D93E0A11C66ECDFF6EF8065EAF57F5333EFFCDAD6FC9E8E6F81336002A
:202FF800F8217ECB3FF818772A327EB7CAC771CDDE05F8117B2272F8207EF8172236003EFB
:2030180005F817CB2623CB163D20F62B2A5F56F8112A666F19E57DF81677E17CF81577AF9A
:20303800EA05D9F8197E87F81677F8227EF81077F8167EB7CA46717E3D3E012801AFF8115F
:2030580077F8173600F8147EF81877F8157EF81977F8177ED614CA2D71F8182A5F56CD7667
:203078000EF8127721000039E53E01F533F8157EF533CD7C37E804210000395D54CD206F7D
:20309800B72803F81334F8137ED609207BF81336003E0A11DA6ECDFF6EF8117EB728062B41
:2030B8007EE60F1801AF4F219ADB22060036E4219CDB367F216A01094D44219DDB7922707F
:2030D8003E0E1193DBCDFF6E3E02F5333E02117800CDAD6F4FE6F0280479C3C771AFF5331D
:2030F8003E0211B004CDAD6F4FE6F0280479C3C7713E0A11C66ECDFF6EAFF5333EFF110A0F
:2031180000CDAD6FB7C2C771F817342334C269702334C36970F816352B2B2A5F562120001C
:2031380019E57DF81677E17CF81577C34270F8137EB728703E0A11DA6ECDFF6EF8107EE602
:203158000FF81977119ADB123A223600219BDB3EE422367FF8182A5F56216A0119E57DF818
:203178001877E17CF817322A23322A2332119DDB2A12137E123E0E1193DBCDFF6E3E02F56A
:20319800333E02117800CDAD6F4FE6F0280379181EAFF5333E0211B004CDAD6F4FE6F02821
:1231B8000379180B3E0A11D06ECDFF6EF81977E81AC942
:020000040000FA
:0E3A53008833020004000100E47F0000000040
:020000040001F9
:2031CA00E8F5F8132AD6ED7EDEFF563EFFCB7F2807CB7A2008BF1805CB7A28013730050185
:2031EA00EDFF182AF8132A4F465816003E13B93E0098CB7B2807CB7A2008BF1805CB7A2854
:20320A00013730050113001805F8132A4F46F8112AD6EF7EDEFF563EFFCB7F2807CB7A2078
:20322A0008BF1805CB7A2801373009F8003EEF2236FF1837F8117EF80977F8127EF80A323C
:20324A003E1196233E009E3E0057CB7E2807CB7A2008BF1805CB7A28013730051E11AF185A
:20326A0005F8112A5F7EF800732377F8027922702A07E60177F8007EF80577F8017EF80637
:20328A007769602929290929E57DF80977E17CF80877F800AF96F80977F804CB462037234D
:2032AA00AF96233E009E3E0057CB7E2807CB7A2008BF1805CB7A280137381B016273F8079D
:2032CA002A666F094D44F8096E2600094D440A4F3E4091C35F73F8067E07E601F80A77F844
:2032EA0004CB46201BF80ACB462015016273F8072A666F094D44E1E5094D440AC6401855E1
:20330A00AF914F9F9047696029292909294D44F802AF96233E009E3E0057CB7E2807CB7A07
:20332A002008BF1805CB7A2801373818F80ACB462012216273094D44E1E5094D440A4F3EBE
:20334A00C0911811216273094D44F8096E2600094D440AC6C0E80BC94040404040404040DE
:20336A004040404040404040404000202D333638393A3B3B3C3C3D3D3D3D3D3E00132028AA
:20338A002D30333536373839393A3A3B3B3B000D1820262A2D303133343536373738383916
:2033AA00000A131A2025282B2D2F3032333435353637000810161B202427292B2D2F303173
:2033CA003233343400070D13181C202326282A2C2D2E3030313200060B1015191D202325E2
:2033EA0027292A2C2D2E2F3000050A0F13171A1D20222526282A2B2C2D2E0005090D111512
:20340A00181B1E2022242627292A2B2C0004080C101316191B1E202224252728292A000420
:20342A00070B0E1114171A1C1E202223252627290003070A0D101316181A1C1E2022232582
:20344A002627000306090C0F121416191B1D1E2022232425000306090B0E10131517191BE1
:20346A001D1E20212324000305080B0D10121416181A1B1D1F202123000305080A0C0F11D8
:20348A00131517191A1C1D1F202100020507090C0E1012141617191B1C1D1F2000020507C9
:2034AA00090B0D0F1113151618191B1C1E1F00020406080A0C0E1012141517181A1B1D1EBC
:2034CA00AFEA01DAEA02DA2103DA36FFC90108D9F8065EAF6B67292929094D4421070009A7
:2034EA007E0FD0210500092A6E5F55210400097E010100C52601E533010000C5D5F5331E57
:20350A0002212A6DCD253AE808C9F8087EB720142B2B7E2101DA96200BF8077E2102DA96F8
:20352A002002AFC9F8073A575ED51E04214677CD253AE147F8067EEA01DAF8077EEA02DA4C
:20354A00783C280EC5331E0421D774CD253A333E01C9AFC9E8F9F80D7EF80077F80E7EF8C3
:20356A000177F80F2A5F561AF80522131A77D1D51A4F131A473A6E67094CE1E523232A46A3
:20358A005F50F8052A666F197CF80277F80F2A666F23235D541AF80522131A77D1D52104CB
:2035AA0000192A477E5857F8052A666F197CF80377D1D5210600192A477E5857F8052A6636
:2035CA006F197CF8042236000600FA00DA90284268AF672929297DC6085F7CCED9576B62CB
:2035EA00237E9138271AF80677F8027EF80696381B6B622323237EF80677F80396380D2320
:20360A0013131A5F7E933804234E180804F8057018B80EFFF80171F8117EB7200AFA03DA2C
:20362A00912004AFC34377F8017E3C3E012801AFF802324EAF69672929297DC6085F7CCE6D
:20364A00D957210700194D44D521050019D1E57DF80577E17CF8047721040019E57DF80734
:20366A0077E17CF80677FA03DA3CCA0677F8027EB720092B7E2103DA96CA06771E00F802A9
:20368A00CB46202E0A0F302AF8032A5F2A571A4F131A472A5F561A110100D52601E533113C
:2036AA000000D5C5F5331E02212A6DCD253AE8081E01FA03DA26006F2929297DC6084F7C2E
:2036CA00CED94721070009CB4E2828210500092A6E5F55210400097E010200C52601E5332A
:2036EA00010000C5D5F5331E02212A6DCD253AE8081E01F8017EEA03DA7B183DF8017EEA7B
:20370A0003DAF802CB4620300A0F302CF8032A5F2A571A4F131A472A5F561A110100D5260A
:20372A0001E533110000D5C5F5331E02212A6DCD253AE8083E011801AFE807C9E8F90100FE
:20374A0000FA00DA90286568AF672929297DC6085F7CCED9571AF806776B6223237EF80039
:20376A00776B62237EF801771313131AF80277F80D5E160013F8037B227A22233A223600B1
:20378A00F8035D54F8051A1396231A9E381AF8017EF80D963812237EF80096380B23237EF4
:2037AA00F80E963803791806044818953EFFE807C9000000000000000000000000000000A3
:2037CA000000000000000000000000000000000000000000000000000000000000000000DF
:2037EA000000000000000000000000000000000000000000000000000000000000000000BF
:20380A0000000000000000000000000000000000000000000000000000000000000000009E
:20382A0000000000000000000000000000000000000000000000000000000000000000007E
:20384A0000000000000000000000000000000000000000000000000000000000000000005E
:20386A0000000000000000000000000000000000000000000000000000000000000000003E
:20388A0000000000000000000000000000000000000000000000000000000000000000001E
:2038AA000000000000000000000000000000000000000000000000000000000000000000FE
:2038CA000000000000000000000000000000000000000000000000000000000000000000DE
:2038EA000000000000000000000000000000000000000000000000000000000000000000BE
:20390A0000000000000000000000000000000000000000000000000000000000000000009D
:20392A0000000000000000000000000000000000000000000000000000000000000000007D
:20394A0000000000000000000000000000000000000000000000000000000000000000005D
:20396A0000000000000000000000000000000000000000000000000000000000000000003D
:20398A0000000000000000000000000000000000000000000000000000000000000000001D
:2039AA000000000000000000000000000000000000000000000000000000000000000000FD
:2039CA000000000000000000000000000000000000000000000000000000000000000000DD
:2039EA000000000000000000000000000000000000000000000000000000000000000000BD
:203A0A0000000000000000000000000000000000000000000000000000000000000000009C
:203A2A0000000000000000000000000000000000000000000000000000000000000000007C
:203A4A0000000000000000000000000000000000000000000000000000000000000F0F0F2F
:203A6A000F0F0F0F0F0F0F0F0F0F0F0F0F0F0F0F0F0F0F0F0F0F0F0F0F0F0F0F0F0F0F0F5C
:203A8A000F0F0F0F0F0F0F0F0F0F0F0F0F0F0F0F0F0F0F0F0F0F0F0F0F0F0F0F0F0F0F0F3C
:203AAA000F0F0F0F0F0F0F0F0F0000000F0F0F0F0F0F0F0F0F0F0F0F0F0F0F0F0F0F0F0F49
:203ACA000F0F0F0F0F0F0F0F0F0F0F0F0F0000000F0F0F0F0F0F0F0F0F0F0F0F0F0F0F0F29
:203AEA000F0F0F0F0F0F0F0F0F0F0F0F0F0F0F0F0F0000000F0F0F0F0F0F0F0F0F0F0F0F09
:203B0A000F0F0F0F0F0F0F0F0F0F0F0F0F0F0F0F0F0F0F0F0F0000000F0F0F0F0F0F0F0FE8
:203B2A000F0F0F0F0F0F0F0F0F0F0F0F0F0F0F0F0F0F0F0F0F0F0F0F0F0000000F0F0F0FC8
:203B4A000F0F0F0F0F0F0F0F0F0F0F0F0F0F0F0F0F0F0F0F0F0F0F0F0F0F0F0F0F000000A8
:203B6A000F0F0F0F0F0F0F0F0F0F0F0F0F0F0F0F0F0F0F0F0F0F0F0F0F0F0F0F0F0F0F0F5B
:203B8A000F0000000F0F0F0F0F0F0F0F0F0F0F0F0F0F0F0F0F0F0F0F0F0F000000000000C2
:203BAA00000F0F0F0F0000000F0F0F0F0F0F0F0F0F0F0F0F0F0F0F0F0F0F0F0F0F0F000075
:203BCA000000000000000000000000000000000000000000000000000000000000000000DB
:203BEA000000000000000000000000000000000000000000000000000000000000000000BB
:203C0A0000000000000000000000000000000000000000000000000000000000000000009A
:203C2A0000000000000000000000000000000000000000000000000000000000000000007A
:203C4A0000000000000000000000000000000000000000000000000000000000000000005A
:203C6A0000000000000000000000000000000000000000000000000000000000000000003A
:203C8A0000000000000000000000000000000000000000000000000000000000000000001A
:203CAA000000000000000000000000000000000000000000000000000000000000000000FA
:203CCA000000000000000000000000000000000000000000000000000000000000000000DA
:203CEA000000000000000000000000000000000000000000000000000000000000000000BA
:203D0A00000000000000000000000000000000000000000000000000000000000000000099
:203D2A00000000000000000000000000000000000102020300000000000000000000000071
:203D4A0000000405060700000008090A0B0C0000000000000D0E0F100000000000000000D7
:203D6A000000000000001112131400000015161718190000000000000D1A1B1C000000001E
:203D8A00000000000000000000001D1E1F2000000015212223240000000000000D25262781
:203DAA00000000000000000000000000000028292A2B000000152C2D2E2F00000000000088
:203DCA000D3031320000000000000000000000000000333435360000003738393A3B00004A
:203DEA00000000000D303C3D00000000000000000000000000003E3F404100000000000005
:203E0A0000000000000000000D3030420000000000000000000000000000434445460000D7
:203E2A0000004748494A4B4C4D0000004E30304F505050505050505050505100000052535F
:203E4A005455000000565758595A5B5C5D5E5E5E5F6060615E5E5E5E5E5E5E5E5E5E5E5EE1
:203E6A005E5E5E5E5E5E5E5E5E6263646464656667000000000000000000000000000000C7
:203E8A000000000000000000000000000056686969696A6B6C0000000000000000000000DE
:203EAA00000000000000000000000000000000000056303030303030300000000000000052
:203ECA000000000000000000000000000000000000000000000000000000000000000000D8
:203EEA000000000000000000000000000000000000000000000000000000000000000000B8
:203F0A00000000000000000000000000000000000000000000000000000000000000000097
:203F2A00000000000000000000000000000000000000000000000000000000000000000077
:203F4A00000000000000000000000000000000000000000000000000000000000000000057
:203F6A00000000000000000000000000000000000000000000000000000000000000000037
:203F8A00000000000000000000000000000000000000000000000000000000000000000017
:153FAA0000000000000000000000000000000000000000000002
:204000000000000000000000000000000000000000000000000000000000000000000000A0
:20402000000000000000000000000000000000000000000000000000000000000000000080
:20404000000000000000000000000000000000000000000000000001020202000000000059
:20406000000302020400000000000000050606060000000000000706060800000000000003
:204080000005060606000000000000070606080000000000000005060606000000000000D7
:2040A0000706060800000000000000050606060000000000000706060800000000000000B3
:2040C000090A0A0A0000000000000B0A0A0C0000000000000000000000000000000000008E
:2040E0000000000000000000000000000000000000000000000000000000000000000000C0
:2041000000000000000000000000000000000000000000000000000000000000000000009F
:2041200000000000000000000000000000000000000000000000000000000000000000007F
:20414000000000000000000000000000000000000000000D0E0E0F0000000000000E0E0EFD
:204160001000000000000000110606120000000000000606061300000000000000110606BE
:20418000120000000000000606061300000000000000110606120000000000000606061394
:2041A000000000000000001106061200000000000006060613000000000000001415151657
:2041C000000000000000151515170000000000000000000000000000000000000000000089
:2041E0000000000000000000000000000000000000000000000000000000000000000000BF
:2042000000000000000000000000000000000000000000000000000000000000000000009E
:2042200000000000000000000000000000000000000000000000000000000000000000007E
:2042400000000000000000000000000000000000000000000000000000000000000000005E
:2042600000000000000000000000000000000000000000000000000000000000000000003E
:2042800000000000000000000000000000000000000000000000000000000000000000001E
:2042A0000000000000000000000000000000000000000000000000000000000000000000FE
:2042C0000000000000000000000000000000000000000000000000000000000000000000DE
:2042E0000000000000000000000000000000000000000000000000000000000000000000BE
:2043000000000000000000000000000000000000000000000000000000000000000000009D
:2043200000000000000000000000000000000000000000000000000000000000000000007D
:2043400000000000000000000000000000000000000000000000000000000000000000005D
:2043600000000000000000000000000000000000000000000000000000000000000000003D
:2043800000000000000000000000000000000000000000000000000000000000000000001D
:2043A0000000000000000000000000000000000000000000000000000000000000000000FD
:2043C0000000000000000000000000000000000000000000000000000000000000000000DD
:2043E0000000000000000000000000000000000000000000000000000000000000000000BD
:2044000000000000000000000000000000000000000000000000000000000000000000009C
:2044200000000000000000000000000000000000000000000000000000000000000000007C
:2044400000000000000000000000000000000000000000000000000000000000000000005C
:2044600000000000000000000000000000000000000000000000000000000000000000003C
:2044800000000000000000000000000000000000000000000000000000000000000000001C
:2044A0000000000000000000000000000000000000000000000000000000000000000000FC
:2044C0000000000000000000000000000000000000000000000000000000000000000000DC
:2044E0000000000000000000000000000000000000000000000000000000000000000000BC
:2045000000000000000000000000000000000000000000000000000000000000000000009B
:2045200000000000000000000000000000000000000000000000000000000000000000007B
:2045400000000000000000000000000000000000000000000000000000000000000000005B
:2045600000000000000000000000000000000000000000000000000000000000000000003B
:2045800000000000000000000000000000000000000000000000000000000000000000001B
:2045A0000000000000000000000000000000000000000000000000000000000000000000FB
:2045C0000000000000000000000000000000000000000000000000000000000000000000DB
:2045E0000000000000000000000000000000000000000000000000000000000000000000BB
:2046000000000000000000000000000000000000000000000000000000000000000000009A
:2046200000000000000000000000000000000000000000000000000000000000000000007A
:2046400000000000000000000000000000000000000000000000000000000000000000005A
:2046600000000000000000000000000000000000000000000000000000000000000000003A
:2046800000000000000000000000000000000000000000000000000000000000000000001A
:2046A0000000000000000000000000000000000000000000000000000000000000000000FA
:2046C0000000000000000000000000000000000000000000000000000000000000000000DA
:2046E0000000000000000000000000000000000000000000000000000000000000000000BA
:20470000000000000000000000000000000000000000000000000000000000000000000099
:20472000000000000000000000000000000000000000000000000000000000000000000079
:20474000000000000000000000000000000000000000000000000000000000000000000059
:20476000000000000000000000000000000000000000000000000000000000000000000039
:20478000000000000000000000000000000000000000000000000000000000000000000019
:0147A0000018
:020000040000FA
:20BDA6000F0F0F0F0F0F0F0F0F0F0F0F0F0F0F0F0F0F0F0F0F0F0F0F0F0F0F0F0F0F0F0F9D
:20BDC6000F0F0F0F0F0F0F0F0F0F0F0F0F0F0F0F0F0F0F0F0F0F0F0F0F0F0F0F0F0F0F0F7D
:20BDE6000F0F0F0F0F0F0F0F0F0F0F0F0F0F0F0F0F0F0F0F0F0F0F0F0F0F0F0F0F0F0F0F5D
:20BE06000F0F0F0F0F0F0F0F0F0F0F0F0F0F0F0F0F0F0F0F0F0F0F0F0F0F0F0F0F0F0F0F3C
:20BE26000F0F0F0F0F0F0F0F0F0F0F0F0F0F0F0F0F0F0F0F0F0F0F0F0F0F0F0F0F0F0F0F1C
:20BE46000F0F0F0F0F0F0F0F0F0F0F0F0F0F0F0F0F0F0F0F0F0F0F0F0F0F0F0F0F0F0F0FFC
:20BE66000F0F0F0F0F0F0F0F0F0F0F0F0F0F0F0F0F0F0F0F0F0F0F0F0F0F0F0F0F0F0F0FDC
:20BE86000F0F0F0F0F0F0F0F0F0F0F0F0F0F0F0F0F0F0F0F0F0F0F0F000000000000000034
:20BEA60000000000000000000000000000000F0F0F0F0F0F0F0F0F000000000000000000F5
:20BEC600000000000000000000000000000F0F0F0F0F0F0F0F0F00000000000000000000D5
:20BEE6000000000000000000000000000F0F0F0F0F0F0F0F0F0000000000000000000000B5
:20BF060000000000000000000000000F0F0F0F0F0F0F0F0F00000000000000000000000094
:20BF2600000000000000000000000F0F0F0F0F0F0F0F0F0000000000000000000000000074
:20BF46000000000000000000000F0F0F0F0F0F0F0F0F000000000000000000000000000054
:20BF660000000000000000000F0F0F0F0F0F0F0F0F00000000000000000000000000000034
:20BF8600000000000000000F0F0F0F0F0F0F0F0F0000000000000000000000000000000014
:20BFA6000000000000000F0F0F0F0F0F0F0F0F0F0F0000000F0F0F0F0F0F0F0F0F0F0F0F22
:20BFC6000F0F0F0F0F0F0F0F0F0F0F0F0F0F0F0F0000000F0F0F0F0F0F0F0F0F0F0F0F0FA8
:0DBFE6000F0F0F0F0F0F0F0F0F0F0F0F0F8B
:020000040001F9
:2047A1000000000000000000000000000000000000000000000000000000000000000000F8
:2047C1000000000000000000000000000000000000000000000000000000000000000000D8
:2047E1000000000000000000000000000000000000000000000000000000000000000000B8
:20480100000000000000000000000000000000000000000000000000000000000000000097
:20482100000000000000000000000000000000000000000000000000000000000000000077
:20484100000000000000000000000000000000000000000000000000000000000000000057
:20486100000000000000000000000000000000000000000000000000000000000000000037
:20488100000000000000000000000000000000000000000000000000000000000000000017
:2048A1000000000000000000000000000000000000000000000000000000000000000000F7
:2048C1000000000000000000000000000000000000000000000000000000000000000000D7
:2048E1000000000000000000000000000000000000000000000000000000000000000000B7
:20490100000000000000000000000000000000000000000000000000000000000000000096
:20492100000000000000000000000000000000000000000000000000000000000000000076
:20494100000000000000000000000000000000000000000000000000000000000000000056
:20496100000000000000000000000000000000000000000000000000000000000000000036
:20498100000000000000000000000000000000000000000000000000000000000000000016
:2049A1000000000000000000000000000000000000000000000000000000000000000000F6
:2049C1000000000000000000000000000000000000000000000000000000000000000000D6
:2049E1000000000000000000000000000000000000000000000000000000000000000000B6
:204A0100000000000000000000000000000000000000000000000000000000000000000095
:204A2100000000000000000000000000000102030000000004020200000506070202080940
:204A41000A02020B0000000C020200000D0E0F00001011121314000015161718191A1B1CE4
:204A610014141D0000001E1F14000020212200002324252627000028292A2B2C2D2E2F1413
:204A8100141D0000001E303100003233340000000025143500000036371438393A3B143CA7
:204AA1001D0000001E143D00003E3F40000000001241420000000043444546004714141D79
:204AC1000000001E48494A4B4C144D4E4F50515214145354555657141414585914145A0212
:204AE10002025B14145C5C5D5E5F5C5C5C5C605E615C5C5C5C5C625E635C6465666767671E
:204B0100676767675E5E5E5E5E5E5E5E5E5E5E5E5E5E5E5E5E5E5E5E5E68696A5E5E5E5E8F
:204B21005E5E5E5E5E5E5E5E5E5E5E5E5E5E5E5E5E5E5E5E5E5E5E5E5E6B6C5E5E5E5E5E99
:204B41005E5E5E5E5E5E5E5E5E5E5E5E5E5E5E5E5E5E5E5E5E5E5E6D6E6F5E5E5E5E5E5E64
:204B61005E5E5E5E5E5E5E5E5E5E5E5E5E5E5E5E5E5E5E5E5E5E6870715E5E5E5E5E5E5E45
:204B81005E5E5E5E5E5E5E5E5E5E5E5E5E5E5E5E5E5E5E5E5E5E72735E5E5E5E5E5E5E5E2B
:204BA1005E5E5E5E5E5E5E5E5E5E5E5E5E5E5E5E5E5E5E5E6174755E5E5E5E5E5E5E5E5E04
:204BC1005E5E5E5E5E5E5E5E5E5E5E5E5E5E5E5E5E5E5E7677785E5E5E5E5E5E5E79797A77
:204BE1005E7B79797979797979797979797979797979797C7D7979797979797914147E5E86
:204C01007F141414141414141414141414141414141414141414141414141414147E5E7F89
:204C21001414141414141414141414141414141414141414141414141414E8FCF80A2A5FFC
:204C41002A572A4F46CB21CB1021080019E57DF80477E17CF80377F80DCB7E280FF8022ABD
:204C61005F561A6F131A67094D7C18062119C4094D7CF800712377F80E2A4F46CB21CB1012
:204C8100CB7E280FF8022A5F561A6F131A67094D4418062119C4094D44D1D51AF80222135E
:204CA1001A770A4F21DB4C0600094EF8105E3E079347041802CB290520FB79079F47D5F87A
:204CC100042A5F56CDF00ED11C1804CB28CB191D20F9E1E5792270E804C9000306090C105B
:204CE1001316191C1F2225282B2E313336393C3F414447494C4E515355585A5C5E606264E6
:204D010066686A6B6D6F70717374757678797A7A7B7C7D7D7E7E7E7F7F7F7F7F7F7F7E7E9B
:204D21007E7D7D7C7B7A7A79787675747371706F6D6B6A68666462605E5C5A585553514E13
:204D41004C494744413F3C393633312E2B2825221F1C191613100C09060300FDFAF7F4F05E
:204D6100EDEAE7E4E1DEDBD8D5D2CFCDCAC7C4C1BFBCB9B7B4B2AFADABA8A6A4A2A09E9CFF
:204D81009A9896959391908F8D8C8B8A888786868584838382828281818181818181828209
:204DA1008283838485868687888A8B8C8D8F9091939596989A9C9EA0A2A4A6A8ABADAFB251
:204DC100B4B7B9BCBFC1C4C7CACDCFD2D5D8DBDEE1E4E7EAEDF0F4F7FAFDE8FCF80A2A5F85
:204DE1002A572A4F46CB21CB1021080019E57DF80477E17CF80377F80DCB7E280FF8022A1C
:204E01005F561A6F131A67094D7C18062119C4094D7CF800712377F80E2A4F46CB21CB1070
:204E2100CB7E280FF8022A5F561A6F131A67094D4418062119C4094D44D1D51AF8022213BC
:204E41001A770AC6406F260011DB4C194EF8105E3E079347041802CB290520FB79079F475F
:1C4E6100D5F8042A5F56CDF00ED11C1804CB28CB191D20F9E1E5792270E804C91E
:020000040000FA
:207DBF00E8E721000039111400D5110000D5E5CD9639E806F8003EB922360121000039E5A5
:207DDF00CDAA0FE13EE4E0493EE4E0483EE4E047AFE042AFE043F040F81422F040E6FDE04B
:207DFF0040F040E6DFE040F040F601E040F040F680E0400E0071F8157ED60E284521000086
:207E1F0039E57DF81877E17CF81722710E0079D6142813F8162A5F2A577E12342B2B3420F0
:207E3F000223340C18E8F8184E21000039E5211401E5F819662E00E5CD393AE806F815340D
:207E5F0018B4111400D5110000D521040039E5CD9639E806F821AF96233E209E30050100D7
:207E7F00001819F8212A4F46CB38CB19CB38CB19CB38CB19CB38CB19CB38CB1979B72805FA
:207E9F003E80913068C5F8257EF533F8222A5F56D5AF0FF5CDCA11E805C1F8003E99223656
:207EBF000021000039E5CDAA0FE179B7280479C6804FF81F2A5F5621001019E57DF8217761
:207EDF00E17CF820777987F82366E533F8205E2356D5672E00E5CDCA11E805F8003E99223A
:207EFF00360121000039E5CDAA0FE118267987F82366E533F8205E2356D5672E00E5CDCADA
:207F1F0011E805F8003E9922360021000039E5CDAA0FE1F8262A472A4FCB39CB18CB39CBB9
:207F3F0018CB39CB18CB39CB187EF533F8252A5F56D5C533AFF533CDCA11E805F82B2A47CD
:207F5F002A4FCB39CB18CB39CB18CB39CB18CB39CB187EF533F82A2A5F56D50E80C5CDCA87
:207F7F0011E805F8003EA122360021000039E5CDAA0FE1F8147EE040111000D5110000D589
:207F9F0021040039E5CD9639E80621000039E5AF3CF5CD2238E804AF672E12E53E14F5330E
:1B7FBF00AF0FF5CD8339E805F8003EB922360021000039E5CDAA0FE1E819C9C7
:020000040001F9
:204E7D00000000000000000000000000000000000000000000000000000000000000000015
:204E9D000000000000000000000000000000000000000000000000000000000000000000F5
:204EBD000000000000000000000000000000000000000000000000000000000000000000D5
:204EDD000000000000000000000000000000000000000000000000000000000000000000B5
:204EFD00000000000000000000000000000000000000000000000000000000000000000095
:204F1D00000000000000000000000000000000000000000000000000000102030405060758
:204F3D0008090A0B0C0D0E0F101112131415000016001718191A1B001C1D1E1F20212223FA
:204F5D0024252627280000292A2B2C2D2E2F303132333435363738393A3B3C3D0000000047
:204F7D000000000000000000003E3F40410000000000000000000000000000000000000016
:204F9D000000000000000000000000000000000000000000424344454600000000000000A0
:204FBD0000000000000000000000004748494A4B0000000000000000000000000000000067
:204FDD0000004C4D4E4F50000000000000000000000000000000000000000000000000002E
:204FFD00000000000000000000000000000000000000000000000000000000000000000094
:20501D00000000000000000000000000000000000000000000000000000000000000000073
:20503D00000000000000000000000000000000000000000000000000000000000000000053
:20505D00000000000000000000000000000000000000000000000000000000000000000033
:20507D00000000000000000000000000000000000000000000000000000000000000000013
:20509D000000000000000000000000000000000000000000000000000000000000000000F3
:2050BD000000000000000000000000000000000000000000000000000000000000000000D3
:2050DD000000000000000000000000000000000000000000000000000000000000000000B3
:2050FD00000000000000000000000000000000000000000000000000000000000000000093
:20511D00000000000000000000000000000000000000000000000000000000000000000072
:20513D00000000000000000000000000000000000000000000000000000000000000000052
:20515D00000000000000000000000000000000000000000000000000000000000000000032
:20517D00000000000000000000000000000000000000000000000000000000000000000012
:20519D000F0F0000000000000000000000000000000000000000000F0F00000000000000B6
:2051BD000000000000000000000000000000000000000000000000000000000000000000D2
:2051DD000000000000000000000000000000000000000000000000000000000000000000B2
:2051FD00000000000000000000000000000000000000000000000000000000000000000092
:20521D000000000000000000000000000000000000000000000000000F0F0F0F0000000035
:20523D000000000000000000000000000000000F0F0F0F0000000000000000000000000015
:20525D000000000000000F0F0F0F00000000000000000000000000000000000000000000F5
:20527D00000000000000000000000000000000000000000000000000000000000000000011
:20529D000000000000000000000000000000000000000000000000000000000000000000F1
:2052BD000000000000000000000000000000000000000000000000000000000000000000D1
:2052DD000000000000000000000000000000000000000000000000000000000000000000B1
:2052FD00000000000000000000000000000000000000000000000000000000000000000091
:20531D00000000000000000000000000000000000000000000000000000000000000000070
:20533D00000000000000000000000000000000000000000000000000000000000000000050
:20535D00000000000000000000000000000000000000000000000000000000000000000030
:20537D00000000000000000000000000000000000000000000000000000000000000000010
:20539D000000000000000000000000000000000000000000000000000000000000000000F0
:2053BD000000000000000000000000000000000000000000000000000000000000000000D0
:2053DD000000000000000000000000000000000000000000000000000000000000000000B0
:2053FD00000000000000000000000000000000000000000000000000000000000000000090
:20541D0000000000000000000000000000000000000000000000000000000000000000006F
:20543D0000000000000000000000000000000000000000000000000000000000000000004F
:20545D0000000000000000000000000000000000000000000000000000000000000000002F
:20547D0000000000000000000000000000000000000000000000000000000000000000000F
:20549D000000000000000000000000000000000000000000000000000000000000000000EF
:2054BD000000000000000000000000000000000000000000000000000000000000000000CF
:2054DD000000000000000000000000000000000000000000000000000000000000000000AF
:2054FD0000000000000000000000000000000000000000000000000000000000000000008F
:20551D0000000000000000000000000000000000000000000000000000000000000000006E
:20553D0000000000000000000000000000000000000000000000000000000000000000004E
:20555D0000000000000000000000000000000000000000000000000000000000000000002E
:20557D0000000000000000000000000000000000000000000000000000000000000000000E
:20559D000000000000000000000000000000000000000000000000000000000000000000EE
:2055BD000000000000000000000000000000000000000000000000000000000000000000CE
:2055DD000000000000000000000000000000000000000000000000000000000000000000AE
:2055FD0000000000000000000000000000000000000000000000000000000000000000008E
:20561D0000000000000000000000000000000000000000000000000000000000000000006D
:20563D0000000000000000000000000000000F0F0F0F0F0F0F0F0F0F0F0F0F0F0F0F0F0F3F
:20565D000F0F0F0F0F0F0F0F0F0000000F0F0F0F0F0F0F0F0F0F0F0F0F0F0F0F0F0F0F0F7A
:20567D000F0000000F0F0F0F0F0F0F0F0F0F0F0F0F0F0F0F0F0F0F0F0F0000000F0F0F0F87
:20569D000F0F0F0F0F0F0F0F0F0F0F0F0F0F0F0F0F0000000F0F0F0F0F0F0F0F0F0F0F0F3A
:2056BD000F0F0F0F0F0F0F0F0F0000000F0F0F0F0F0F0F0F0F0F0F0F0F0F0F0F0F0F0F0F1A
:2056DD000F0000000F0F0F0F0F0F0F0F0F0F0F0F0F0F0F0F0F0F0F0F0F0000000F0F0F0F27
:2056FD000F0F0F0F0F0F0F0F0F0F0F0F0F0F0000000000000000000F0F0F000F0F000F0F52
:20571D00000000000F0F0000000000000000000F0F0F000F0F000F0F000000000F0F0000C7
:20573D0000000000000000000000000000000000000000000000000000000000000000004C
:20575D0000000000000000000000000000000000000000000000000000000000000000002C
:20577D0000000000000000000000000000000000000000000000000000000000000000000C
:20579D000000000000000000000000000000000000000000000000000000000000000000EC
:2057BD000000000000000000000000000000000000000000000000000000000000000000CC
:2057DD000000000000000000000000000000000000000000000000000000000000000000AC
:2057FD0000000000000000000000000000000000000000000000000000000000000000008C
:20581D0000000000000000000000000000000000000000000000000000000000000000006B
:20583D0000000000000000000001020203000000000000000000000004050607000000002D
:20585D00000809090A00000000000000000000000B0C0D0E00000000000809090A000000B1
:20587D0000000000000000000F10111200000000000809090A0000000000000000000000A5
:20589D001314151600000000000809090A00001718191A181B1C1D1B1E1F20212223242580
:2058BD00252609092728292A09092B09092C09092D2E2F300909313232323232323232337F
:2058DD00343536343738393A3B3232323C090000000000000000003D3E3F403E414243449E
:2058FD0045000000464700000000000000000048494A4B49004C4D4E4F00000050000000C4
:20591D0000000000000000000000000000000000000000000000000000000000000000006A
:20593D0000000000000000000000000000000000000000000000000000000000000000004A
:20595D0000000000000000000000000000000000000000000000000000000000000000002A
:20597D0000000000000000000000000000000000000000000000000000000000000000000A
:20599D000000000000000000000000000000000000000000000000000000000000000000EA
:2059BD000000000000000000000000000000000000000000000000000000000000000000CA
:2059DD000000000000000000000000000000000000000000000000000000000000000000AA
:0E59FD0000000000000000000000000000009C
:205A0B002110DA3603AF2106DA2277AF2104DA2277AFEA0DDAEA0CDAAF210ADA2277AF213A
:205A2B0008DA2277AFEA0FDAEA0EDAC9E8F9FA10DAF80077E5CB46E1CA175B2120D22A4FF0
:205A4B004604FA0CDA6F079F6729292929297D5CF805227B322A5F5679935F789AF802329B
:205A6B0073FA0EDA6F079F6729292929297D4CF8032271F8015D54F8031A1396231A9E30B3
:205A8B0004AF4F180FF8012A5F2A572A666F7B955F7A9C4BF805712377F8012A5F2A572ACB
:205AAB00666F195D54FA04DA4F2105DA46FA08DAF80377FA09DAF80422799623789E3021ED
:205ACB00F8052A4F46E5F802CB5EE128331108DAF8051A1396231A9E3026F8032A4F461805
:205AEB001F7B917A9830194B42E5F802CB56E1280F2108DA7B96237A9E3005F8032A4F4632
:205B0B002108DA7922702104DA792270E5F802CB4EE1CADC5B2122D22A4F4604FA0DDA6F60
:205B2B00079F67292929292979954F789C47FA0FDA6F079F6729292929297995789C300545
:205B4B00110000180679955F789C57094D44FA06DAF80377FA07DAF80477FA0ADAF80577AD
:205B6B00FA0BDAF80677F8032A937E9A30212B7B2272E5F802CB6EE1283F210ADA2A937ECB
:205B8B009A3036F8053A2B77F8063A2B77182AF803799623789E3021F803792270E5F8028C
:205BAB00CB66E12814210ADA799623789E300AF8053A2B77F8063A2B77F8037EEA0ADAF813
:205BCB00047EEA0BDAF8037EEA06DAF8047EEA07DAE807C91800FFFFFFFFFFFFFFFFFFFF1B
:205BEB00FFFFFFFFFFFFFFFFFFFFFFF8FFF8FFF8FFF8FFF8FFF8FFFFFFFFFF00FF00FF00E1
:205C0B00FF00FF00FF00FFFFFFFFFFC0FFC0FFC0FFC0FFC0FFC0FFFFFFFFFF0FFF0FFF0FE0
:205C2B00FF0FFF0FFF0FFFF8FFF8FFF8FFF8FFF8FFF8FFF8FFF8FF00FF00FF00FF00FF007C
:205C4B00FF00FF00FF00FFC0FFC0FFC0FFC0FFC0FFC0FFC0FFC0FF0FFF0FFF0FFF0FFF0FFE
:205C6B00FF0FFF0FFF0FFFF8FFFFFFFFFFFFFFFFFFFFFFFFFFFFFF00FFFFFFFFFFFFFFFF0F
:205C8B00FFFFFFFFFFFFFFC0FFFFFFFFFFFFFFFFFFFFFFFFFFFFFF0FFFFFFFFFFFFFFFFF48
:205CAB00FFFFFFFFFFFFFFFFFFFFFFFFFFF0FFF0FFF0FFF0FFF0FFFFFFFFFFFFFF00FF0042
:205CCB00FF00FF00FF00FFFFFFFFFFFFFF03FF03FF03FF03FF03FFFFFFFFFFFFFF1FFF1F82
:205CEB00FF1FFF1FFF1FFFF0FFF0FFF0FFF0FFF0FFF0FFF0FFF0FF03FF03FF03FF03FF03BD
:205D0B00FF03FF03FF03FF1FFF1FFF1FFF1FFF1FFF1FFF1FFF1FFFF0FFF0FFFFFFFFFFFFAA
:205D2B00FFFFFFFFFFFFFF00FF00FFFFFFFFFFFFFFFFFFFFFFFFFF03FF03FFFFFFFFFFFF6E
:165D4B00FFFFFFFFFFFFFF1FFF1FFFFFFFFFFFFFFFFFFFFFFFFF18
:205D6100B7281C5726047BE60328013DCB3FCB1DCB3FCB1DCB3BCB3B2520EB5D1520E57BCA
:205D8100C9B7281E5726047BE603FE0328013CCB3FCB1DCB3FCB1DCB3BCB3B2520E95D1561
:205DA10020E37BC94F3E049130020E04FA14DAB72023FAD4DAC55F79CD615DC1E04721D5A5
:205DC100DA5EC579CD615DC1E04821D6DA5E79CD615DE049C9FAD4DAC55F79CD825DC1E021
:205DE1004721D5DA5EC579CD825DC1E04821D6DA5E79CD825DE049C9000103070F1F3FFAA2
:205E0100FB5DEA12DA2113DA3605AFEA11DA3E05C3A55DFA13DAB7CAA55DAFEA15DAEA168C
:205E2100DA2111DA36012113DA3E0577C3A55DFA13DAD60520053E05C3A55DAFEA15DA211F
:205E410016DA36012111DA3601AFEA13DAC3A55DFA11DAB7C8FA15DA4F2115DA3479211200
:205E6100DAA6C02116DACB4620132113DA7EB7280135FA13DAB72019EA11DA18142113DA05
:205E81007ED605300134FA13DAD6052004AFEA11DAFA13DAC3A55DFA13DAC3A55D01F95D2A
:205EA100F8066E2600094D440AEA12DAC91E0521145ECD253AFA11DAB7C8CDBD011E0521F7
:205EC100515ECD253A18EE1E0521305ECD253AFA11DAB7C8CDBD011E0521515ECD253A18BC
:205EE100EE2512044701010414000045FD120045FF0E004E0105110102850140000303023B
:205F0100436F6E677261747320416368742121210A0041FF0044030114001EFFFC0DFFFC75
:205F21000062D80245FE12004403014701010414000045FD120045FF0E004E010512010118
:205F410085014000596F7520636F6D706C6561746564200A73616E6974697A6174696F6EB8
:205F6100210041FF0044030114001EFFFC0DFFFC0062D80245FE1200440301470101041408
:205F8100000045FD120045FF0E004E0105120101850140002E2E2E4E4F54210041FF00440C
:205FA100070145FE12004403014701010414000045FD120045FF0E004E0105120101850146
:205FC10040004841484121210A50736879636865206F7574210041FF0044070145FE1200D4
:205FE1004403014701010414000045FD120045FF0E004E010512010185014000476F6F649A
:20600100206C75636B20616E640A5B4552524F525D21210041FF0044070145FE12004403A7
:206021000115FF03F86912DA00570115FE0013FBFDFFFE000EFBFEFF00140000FFFC35FF3E
:20604100FC3200FFFC15FF03F86910DA0027030205197300000000000000000000000000F7
:2060610000000000000000000000000000000000000000000000000000000000000000001F
:206081000000000000000000000000000000000000000000000000000000000000000000FF
:2060A1000000000000000000000000000000000000000000000000000000000000000000DF
:2060C1000000000000000000000000000000000000000000000000000000000000000000BF
:2060E10000000000000000000000000000000000000000000000000000000000000000009F
:2061010000000000000000000000000000000000000000000000000000000000000000007E
:2061210000000000000000000000000000000000000000000000000000000000000000005E
:2061410000000000000000000000000000000000000000000000000000000000000000003E
:2061610000000000000000000000000000000000000000000000000000000000000000001E
:206181000000000000000000000000000000000000000000000000000000000000000000FE
:2061A1000000000000000000000000000000000000000000000000000000000000000000DE
:2061C1000000000000000000000000000000000000000000000000000000000000000000BE
:2061E10000000000000000000000000000000000000000000000000000000000000000009E
:2062010000000000000000000000000000000000000000000000000000000000000000007D
:2062210000000000000000000000000000000000000000000000000000000000000000005D
:2062410000000000000000000000000000000000000000000000000000000000000000003D
:2062610000000000000000000000000000000000000000000000000000000000000000001D
:206281000000000000000000000000000000000000000000000000000000000000000000FD
:2062A1000000000000000000000000000000000000000000000000000000000000000000DD
:2062C1000000000000000000000000000000000000000000000000000000000000000000BD
:2062E10000000000000000000000000000000000000000000000000000000000000000009D
:2063010000000000000000000000000000000000000000000000000000000000000000007C
:2063210000000000000000000000000000000000000000000000000000000000000000005C
:2063410000000000000000000000000000000000000000000000000000000000000000003C
:2063610000000000000000000000000000000000000000000000000000000000000000001C
:206381000000000000000000000000000000000000000000000000000000000000000000FC
:2063A1000000000000000000000000000000000000000000000000000000000000000000DC
:2063C1000000000000000000000000000000000000000000000000000000000000000000BC
:2063E10000000000000000000000000000000000000000000000000000000000000000009C
:2064010000000000000000000000000000000000000000000000000000000000000000007B
:2064210000000000000000000000000000000000000000000000000000000000000000005B
:2064410000000000000000000000000000000000000000000000000000000000000000003B
:2064610000000000000000000000000000000000000000000000000000000000000000001B
:20648100000000000000000000010203E8F2F8142A4F4603030AF80277F8177EF80D777E48
:2064A100E601F80377F80D7EE602F80477F80D7EE604F80577F8147EF80677F8157EF8073A
:2064C100322A5F561AF80C22131A327EF80077F80D7EF80177F8047EB7280A11A0DFF80C34
:2064E1007B2272180811D7DAF80C7B2272F80C7EF80877F80D7EF80977F8167EF80A77F8A6
:20650100007EF80B77F8017EF80C223600F80A7EB7CACD65E5CB46E1CAAE65FAB5C0B72082
:20652100073E01F80D963018F80B2A4F46F8082A5F56F8027EF533210800E5CD6A12185A27
:20654100F80B2A5F2A577EB72808F80D7E3D28311848F8027ECD521241F8047EB7280D21DE
:20656100D4DA71F8037EB7280379E047F8057EB7282821D5DA70F8037EB7281E78E0481810
:2065810019F8057EB72813F8027ECD521221D6DA71F8037EB7280379E049F80B2A5F562189
:2065A100080019E57DF80D77E17CF80C77F8082A5F5621080019E57DF80A77E17CF8097732
:2065C100F80D34F80A7ECB3F77C30E65F80B2A4F46F8062A666F712370E80EC93BAFEA3EB6
:2065E100DAFA36DAEA36DBEA37DAF80A2A4F3A2B477E5950F800772135DA96200C213ADADC
:206601007E912005237E9028172135DA36FF213ADA7B22722138DA7B2272F8007EEA35DA7B
:2066210033C92135DA36FFAFE021AFE01CAFE017AFE0123EC0E0233EC0E0193EC0E0143E2E
:20664100FFE025C9F8087EEA3EDA4F0F3007AFE0123EC0E014CB492807AFE0173EC0E019E4
:20666100CB512803AFE01CCB592807AFE0213EC0E0233EFFE025792136DAB6EA36DBEA3765
:20668100DAC90121DAF8087EE6036F26005D54292919094D4459501313F8092A1203030393
:2066A1002A5F567B02037A02C9F3F8087ECD8309FBC9F8087EE024C93BF80D4EF80A2A5F43
:2066C1003A2B577EF8007779213FDA96385321B1C036FF213FDA71FA36DA4F0F3007AFE09C
:2066E100123EC0E014CB492807AFE0173EC0E019CB512803AFE01CCB592807AFE0213EC0C2
:20670100E0233EFFE025F80C7EEA36DA21B1C036FFAFEAB4C021B2C07B2272F8007EEAB130
:03672100C033C9B9
:020000040000FA
:0D05D100000A00150005AB74200F03B04DAB
:020000040001F9
:2067240015FE0019F849FDC1FE9800F84905C2FE3001F84903C2FEC802F8492AC2FED00094
:20674400F84909C2FE0007F8490DC2FE204EF84911C2FED000F84928C2FF01F86926C2FF53
:2067640001F86927C2FF00F86913C2FE0029F849FFC1FEE400F84907C2FE0040F8490BC235
:20678400FE0000F84915C2FF01F86917C2FE0002F8490FC2FE0000F8492CC2FF02F8691BE9
:2067A400C2FF02F8691CC2FF01F86918C2FE0000F84919C2FF01F8691DC2FE5802F8492184
:2067C400C2FF00F8691EC2FE0007F8491FC2FF01F86914C2FF01F86923C2FE9003F8492419
:2067E400C2FEA00FF84901C2FF01F8692EC2FF03F8692FC2FFFFF86931C2FE0008F84932B2
:20680400C2FF0FF86934C2FF0AF86935C2FF20F86936C2FF01F86930C2FE0020F84937C2C9
:20682400FE0040F84939C2FF1EF8693BC2FE0000F8493CC2FF08F869FAD8FF00F86914DA9A
:20684400000B00C5F3F090F5F8067E4FCB3FC600EA00202640CB412802CBECAF6F16A05FD1
:206864003E0AEA000079EA00401A473E00EA00003EA9EAAA0A3E56EA55053EA0EAAA0A7865
:20688400770600BE280BE5E1E5E10520F61E00180913233EC0BA20C81E013EF0EA00403E15
:2068A4000AEA0000F1EA0020FBC1C9F80646F800545D2198FF39F9D5E50E68114768F7782A
:2068C400C11E00D6013813E603F5606933E73B7BB72806F1D60130F1F5F1E1F9C9F3F09072
:2068E400F53E00EA00003E00EA00203EF0EA00403EA9EAAA0A3E56EA55053E80EAAA0A3EE0
:20690400A9EAAA0A3E56EA55053E30EA0040110000FA0040FEFF280EE5E1E5E11D20F2156E
:2069240020EF1E0018021E013E0AEA0000F1EA0020FBC9F800545D21AAFF39F9D5E50E5639
:2069440011E168F7E1E7E1F9C9100000000000E0E0F0B0F898FC8CFE06FE02FE0206FE8C5B
:20696400FC98F8B0F0E0E000000000000000000000000000007F7F7F407F407F40407F7FAE
:206984007F000000000000000000000000C0C0E060F030F818FC0CFC04FC3CE02020E02024
:2069A400E020E020E020E0E0E000000000E0E0E020E020E020E020E020E020FC3C04FC0C2F
:2069C400FC18F830F060E0C0C0000000000000707078587C4CFEC6FF03FF01FF0103FFC6C1
:2069E400FE4C7C5878707000000000000000000000000000003F3F3F203F203F20203F3FE4
:206A04003F00000000000000000000C0C0E060F030F818FC0CFC04FC3CE02020E020E020E3
:206A2400E020E020E0E0E00000000000000000E0E0E020E020E020E020E020E020FC3C04B6
:206A4400FC0CFC18F830F060E0C0C0AF210060773601C9F8082A4F46CB21CB10CB7E280F91
:206A6400F8062A5F56210800192A666F0918042119C4094D44F80A7EE603C6085721B7C011
:206A84007EE6F05F7AE60FB37721004077FA00A05F2E007AD60B2017E5FAB7C0E1E6F0F612
:206AA4000CEAB7C0EA0040FA00A00F3002CBC57B02037D02C9F8082A4F46CB21CB10CB7E39
:206AC400280FF8062A5F56210800192A666F0918042119C4092A4F46F80A7EE603C6085FDC
:206AE40021B7C07EE6F0577BE60FB277EA00402100A0717BD60BC021B7C07EE6F0F60C77D9
:206B0400EA0040FA00A0E60E5F78E601B3EA00A0C9F8084E21B7C07EE6F0F60C77EA004018
:146B240079B728082100A07EE6BF77C92100A07EF64077C924
:206B3800C5F8082A5F2A572A4F46C57A8730131F2F577B2F5F132117DA7EB72801353E2DD5
:206B58000203CD6C6B6069D17A2F577B2F5F1319545DC1C9C5211ADAAF3232770610CB2302
:206B7800CB127E8F27227E8F27227E8F27322B0520ECC1FA17DAD605380F280D573E300208
:206B9800031520FB3E05EA17DAFA17DAB728023E01571E30211ADA3AE60F822811928316B2
:206BB800010203FA17DAB72805FE0530010B7ECB37E60F822811928316010203FA17DAB7A6
:206BD8002805FE0430010B3AE60F822811928316010203FA17DAB72805FE0330010B7ECBC2
:206BF80037E60F82280F92830203FA17DAB72805FE0230010B7EE60F830203AF02C9F809FD
:206C18002A4F46CB21CB10CB7E280FF8062A5F56210800192A666F0918042119C4094D447B
:206C3800210400097EF533C5F80B7EF5331E03211D5ECD253AE804C9E8FAF80E4E060069B7
:206C580060290929092929015FD8094D7CF80371237721D4D64621D5D62A4EC61D5F79CE18
:206C78000057C5334B42210100395D54CD3212F80F4E060069602909290929294D44F8118F
:206C98002A666F094D44F8032A5F56F8107EF533211C00E5CD6A12F8032A5F562109001933
:206CB8004D44F8007EF80577F8012A665F54C5FAEAD6F533F8087ECDBB124FF8032A5F561D
:1B6CD800210D00195D547921EAD69630092132D70600097E1801AF12E806C938
:020000040000FA
:20328200B7C0211FDA347EE603772120DA9620082120DA347EE603773E1B211FDA864F3EFD
:2032A200DACE00477B02C9E8FBFA1FDA2120DA96287BF32120DA347EE60377C61B4F3EDA45
:2032C200CE00470AF80077FB7EE6034F060069602929097DC6214F7CCEDAF8017123322AC3
:2032E200666F2323232A4F4678B12841F8012A23322A23322A5F561A6F131A67B528032941
:2033020030A7F8002ACB37E60F5F16002A666F23237ED52601E533F8065E2356D5C5F533D8
:203322001E02212A6DCD253AE808C3AB32E805C9FAB1C03C2833FA3EDA2136DAB62137DA14
:20334200BE2806EA36DBEA37DACDF110B7201AFA3EDAEA36DBEA37DA2135DB3664AFEA3628
:20336200DAEA3FDA21B1C036FFFA3DDAB7C0FA35DA3CC8213CDA347EE603C0F0904F21355B
:20338200DA7EE0907EEA00202139DA3AB6282FAFE021AFE01CAFE017AFE0123EC0E0233E7F
:2033A200C0E0193EC0E0143EFFE0252A5F56FA35DAC5CDDB06C1AF2138DA22771805C5CDD8
:0B33C2004A0BC179E09021002071C986
:020000040001F9
:206CF3002135DA36FF21B1C036FFAF21B2C022773E80E0263EFFE0253E77E024AFE021AF5C
:206D1300E01CAFE017AFE0123EC0E0233EC0E0193EC0E0143EFFE025AFEA3CDAEA3DDAAF92
:206D3300EA36DAEA3EDAAFEA37DAEA36DBAFEA3FDAC9F8067EB728180E0079D604302206F8
:206D53000069602929091121DA19AF22770C18EA111400D5110000D51121DAD5CD9639E83C
:206D730006F3AFEA20DAEA1FDAFBC9FA1FDA2120DA96281DF32120DA347EE60377C61B4F94
:206D93003EDACE00470A4FFB79E6044779E6F0B0C9AFC9EA3DDAB7C8AFE021AFE01CAFE00B
:206DB30017AFE0123EC0E0233EC0E0193EC0E0143EFFE025C92512045D011815FF01F869EC
:206DD30012DA0057034701010414000045FD120045FF0E004E010512010185014000576569
:206DF3006C636F6D6520746F206465647A6F6E650A4742210041FF0044070145FE1200448B
:206E130003014701010414000045FD120045FF0E004E01051201018501400054686973206E
:206E3300776173206D616465206279200A4C6F73657232333447616D696E670041FF0044A3
:206E5300070145FE120044030115FF0FF86912DA00570115FE0010FBFDFFFE000AFBFEFF98
:206E730000140000FFFC35FFFC3200FFFC15FF03F86910DA00270302059F730001D4D6FA49
:206E930030D72131D756210300E55FCD81100120D2FA30D72131D7565F131313210400E57E
:206EB300CD8110FA30D72131D7666F110700190124D20A772130D77EC608227ECE0077C997
:206ED3002111C436022112C436032113C43601FA30D7EA14C4FA31D7EA15C4FA30D7213137
:206EF300D7464F030303110400D51120D2CD8110FA30D72131D7666F110700197EEA24D231
:206F1300C92130D77EC6F8227ECEFF77C3D36E2130D736F02336D6C3D36E2130D736F02357
:206F330036D6C90810060000F80620800000000810000000F80200800000000810040000FF
:206F5300F804208000000008080020000802208000000008100E0000F80E208000000008D4
:206F730010080000F80A008000000008100C0000F80C20800000000808082000080A2080B2
:206F9300000000366F426F4E6F5A6F666F366F726F426F7E6F4E6F8A6F5A6F000001010286
:206FB3000203030405060708090A0B00000C00F0966FAE6FBE6F0000FF010000FF00054DDE
:206FD30069000000F8082A4F46CB21CB10CB7E280FF8062A5F56210800192A666F091804EC
:206FF3002119C4094D44F0FF5FE6F7CDCC00C5D5F80E7EF5331E0421D96FCD253A33D1C160
:20701300572E0002037D027BC3CC00F8082A4F46CB21CB10CB7E280FF8062A5F562108003E
:20703300192A666F0918042119C4094D44F0FF5FE6F7CDCC00C5D5F8103A573A5FD57EF590
:20705300331E0421F26FCD253AE803D1C1572E0002037D027BC3CC00F8087EF5331E0421A1
:207073001B63CD253A33C9E8FCF80A2A5F2A572A4F46CB21CB10210800193333E5F80DCB84
:207093007E280CD1D51A6F131A67094D7C18062119C4094D7CF802712377F80E2A4F46CB13
:2070B30021CB10CB7E280BD1D51A6F131A67094D18052119C4094D44F811CB7E28042BAF1F
:2070D3002277C5F8142A5F56D5F8142A5F56D5F81A7EF5331E04214863CD253AE8074F06A9
:2070F30000F8022A666F792270E804C909003F007F3FC040DF5FF050D050F050F050FF00A1
:20711300FFFF0000FFFF0000000000000000FC00FEFC0302FBFA0F0A0B0A0F0A0F0AF050D0
:20713300F050F050F050F050F050F050F050000000000000000000000000000000000F0A63
:207153000F0A0F0A0F0A0F0A0F0A0F0A0F0AD070F050D070F050DF7FC07F7F3F3F000000D3
:20717300000000000000FFFF00FFFFFFFF000B0E0F0A0B0E0F0AFBFE03FEFEFCFC003F006F
:207193007F3FC040DF5FF050D050F050F050FF00FFFF0000FFFF0000000000000000FC0009
:2071B300FEFC0302FBFA0F0A0B0A0F0A0F0AF050F050F050F050F050F050F050F050000068
:2071D30000000000000000000000000000000F0A0F0A0F0A0F0A0F0A0F0A0F0A0F0AD07094
:2071F300F050D070F050DF7FC07F7F3F3F000000000000000000FFFF00FFFFFFFF000B0E0F
:0E7213000F0A0B0E0F0AFBFE03FEFEFCFC0032
:020000040000FA
:2033CD00E8F6F8063E682236DAFABADAF808223601F8087EB7CA8C34E5CB46E1CA7934F840
:2033ED00062A5F3A2B571A77B7CA7934E60F3D4F079F4769602929091140DA194D4421032B
:20340D0000093333E5D1D51A6F131AB5285EE5F807CB7EE12809FABADAF809AEEABADAFAC0
:20342D00BBDAF809A62045F802792278322A5F561A6F131A67B52803293031F8097EF804BE
:20344D00223600D1D51A6F131A675D5403030AF8044E0600C52601E533F8054E2346C5D5E1
:20346D00F5331E02212A6DCD253AE808F8087ECB3F22CB26F80634C2DE332334C3DE33FA5E
:20348D00BCDA21BADAA6EABCDAE80AC9E8F90184DAF8063600F8067ED604CA2D3559501A3A
:2034AD00B7287569602335206F1A77F8065E16006B622929197DC6705F7CCEDAF8007323FC
:2034CD0077E1E52323235D541AF80222131A77F8033AB628452B2B7EF80477F8017EF8059B
:2034ED00322A5F561A6F131A67B52803293029F8022A5F56E1E523237EC5210000E52600DB
:20350D00E533F5F80B2A666FF1E5D5F5331E02212A6DCD253AE808C10303F80634C3A23436
:03352D00E807C9E3
:020000040001F9
:20722100F8067EB728170E0079D608D0060069602929091140DA19AF22770C18EB110800C8
:20724100D5110000D51168DAD5CD9639E806112800D5110000D51140DAD5CD9639E806C979
:20726100F8067EB728170E0079D604C8060069602929091170DA19AF22770C18EB11080064
:20728100D5110000D51184DAD5CD9639E806111400D5110000D51170DAD5CD9639E806C901
:2072A100F8064E21B7C07EE6F04779E60FB077210040771E0069CB3D1979E601CB3707E6EA
:2072C100E0470E0078C640477DF533110020D51100A0CD6A12C9060078D604D0C5C5331E42
:2072E1000521A172CD253A33C10418ECFAB7C04FC51E05213769CD253A7BC1B7C8C5F80817
:207301007EF5331E0521AF68CD253A33C121B7C07E71210040717BC9241302000200000073
:2073210005C06F05A37704677A01FC7F04FC7F05777700000000000000000003EE7F0000B6
:207341000000008000000008000000000014000000000000000000000000001F130200015B
:2073610000000005C06F05BF7702A67D01FC7F04FC7F053B770000000000000000000510B1
:207381007800000000005800000008000000000014000000000000000000000000001814D4
:2073A10002000100000005C06F05CD77054B5601FC7F04FC7F054A770000000000000000E5
:2073C1000005187800000000002000000010000000000014000000000000000000000000D3
:2073E10000141202000000000005C06F05DB7705556001FC7F04FC7F058677000000000022
:20740100000000000000000000000000000000000000000000001400000000000000000057
:2074210000000000262402000100000005C06F05B17704594501FC7F04FC7F05597700002B
:2074410000000000000000052078000000000090000000900000000000140000000000005A
:2074610000000000000000151F02000200000005C06F059577058B4201FC7F04FC7F056854
:2074810077000000000000000000052B770000000000080000006800000000001400000049
:2074A10000000000000000000000171601000000000005C06F05E97705775001FC7F04FCBC
:2074C1007F05C86D00000000000000000000000000000000001800000020000000000014A6
:2074E10000000000000000000000000000040000000000000000000000000000000000FF88
:2075010000FF00FF00FF00FF00FF00FF00FF0000FF00FF00FF00FF00FF00FF00FF00FFFF7A
:0F752100FFFFFFFFFFFFFFFFFFFFFFFFFFFFFF6A
:020000040000FA
:1605DE00F040CB772808180AF040CB5F2004110098C911009CC9DD
:020000040001F9
:203FBF00F8093AB7C8573A5F3A6E67C515281C444D3E20856F8C9567E5D5F041E60220FAB3
:1D3FDF002A02031D20F4D1E11520E4E5F80E56E1F041E60220FA7A221D20F5C1C9ED
:2075300025120415FF03F86912DA00570115FE000AFBFDFFFE001CFBFEFF00140000FFFC0F
:2075500035FFFC3200FFFC15FF03F86910DA002703020568740025120415FF03F86912DAB0
:2075700000570115FE0002FBFDFFFE0010FBFEFF00140000FFFC35FFFC3200FFFC15FF030E
:20759000F86910DA00270302055C730025120415FF03F86912DA00570115FE000CFBFDFF83
:2075B000FE000DFBFEFF00140000FFFC35FFFC3200FFFC15FF03F86910DA0027030205E2D7
:2075D000730025120415FF03F86912DA00570115FE0003FBFDFFFE0009FBFEFF0014000011
:2075F000FFFC35FFFC3200FFFC15FF03F86910DA00270302059F730025120415FF03F869CB
:2076100012DA00570115FE0011FBFDFFFE0022FBFEFF00140000FFFC35FFFC3200FFFC1562
:20763000FF03F86910DA002703020525740025120415FF03F86912DA00570115FE0004FB1A
:20765000FDFFFE000CFBFEFF00140000FFFC35FFFC3200FFFC15FF03F86910DA0027030222
:2076700005197300F8073A5E01E0FF606850FE40380AD6402516EF18030915158238FA9286
:1176900054677B5D6F191D1D38FB1CCB1A7B1F2FC9CE
:020000040000FA
:2035300021ADDA7EB7282B35FAAEDA4F21AFDA46F8027E0221AEDA342002233421ADDA7E5F
:20355000B7C2BA0421AEDA368D2336DA21B0DA3601C9F8027EEAADDA21AEDA368D2336DA52
:20357000C3BA04FABAC0D604201AAFEA8CDAEAB1DAAFEAADDA21AEDA368D2336DAAFEABAAC
:20359000C01E00C9FABBC0B72837FAB1DAB7282CAFEABBC0FAB1DA3D200521BCC03602FA8F
:2035B000B2DA21B3DA666F4621B2DA3420022334C533CDA7043321B1DA35180521B4DA36C6
:0435D000011E01C90E
:207FDA00AFEA8CDAEAADDA018DDA21AEDA792270AFEAB0DAEAB1DA21B2DA792270AFEAB45E
:027FFA00DAC9E2
:2035D40001B6DA0AEABBDACD5339EABADA0221BBDAAE4F7E2F4779E60F2809FABADAA0E68A
:0E35F4000FEABCDAFABADA21BDDA77A077C99D
:020000040001F9
:2076A100110500D5110000D511B5DAD5CD9639E806AFEABBDAEABADAAFEABCDA21B5DA3638
:0276C10001C9FD
:020000040000FA
:2036020021D0DA2A666F2A5F2AE045B7280416001804FA78D757F041CB4F20FA7BEA43FF45
:1D3622007AE042F045B7280C11040019547D21D0DA2272C921D0DA3EBE2236DAC9E6
:020000040001F9
:2076C300111200D501D17611BEDACD8110C9000F02000200001F010202000000000410004C
:1D76E30080000000E376010000E77600000000000000000000000000000000000053
:020000040000FA
:20363F00F045D6962033FA76D7E043FA78D7E042FA4AFFB7280BF04AD690D0F04A3DE04569
:20365F00C9F04BD607200CFAD3DAB72006F040E6FDE040FAA1DBE045C9F04521A1DB96308B
:20367F001EF04BD6072012FAD3DAB7200CF041CB4F20FAF040E6FDE040FAA1DBE045C9F04D
:20369F0041CB4F20FAAFE04BF040E6DFE040FAD2DAB72006F040F602E0403E96E045C9F02A
:2036BF0045D6962015F040E6EFE040FA76D7E043FA78D7E0423E47E045C9F041CB4F20FA33
:2036DF00F040F610E0403E96E045C921BFC07EE04A7ED690300FFABDC0C607E04BF040F6B3
:2036FF0020E0401809AFE04BF040E6DFE040FAD2DAB72808F040E6FDE0401806F040F60255
:15371F00E040FAC3DAEABEDAFAC9DAEAC4DAFACFDAEACADAC93D
:020000040001F9
:1B770000F3110236CDE738113F36CDE73811BE36CDE738F040E6EFE040FBC9FA
:020000040000FA
:013A610096CE
:10FFEE0004050208056675011D23080B059C7501A5
:020000040001F9
:20771B0000003E3EC1C1CE8ECC84C484F8F80000040604080508760103141E1E05D2750132
:20773B00255D011815FF01F86912DA00570300255D011815FF01F86912DA00570300255DFE
:20775B00011815FF01F86912DA00570300255D011815FF01F86912DA00570300255D011847
:20777B0015FF01F86912DA00570300255D011815FF01F86912DA00570300151F05DF5B0068
:20779B000000050040000000241303BB6A00000004137D000000262403E96300000004B148
:2077BB004A0000001F1303B84D00000005EE49000000181404735A000000052B5800000069
:1C77DB00141205EE740000000525630000001716046155000000057D4E000000C1
:0E77F70021D6DA361B21D4DA3E1B223687C992
:020000040000FA
:0DBFF300AFEA0CDAEA0DDAAFEAB8C0C9C94E
:020000040001F9
:20780500250A67240561570127000102041212053E760103050106053075011112081005E5
:03782500E25E011F
:020000040000FA
:037FFC00FFE4009F
:020000040001F9
:033FFC00FFD0E013
:020000040000FA
:12373400C5F8042A575EF8083A473A666FCDED38C1C9D7
:2005F4004F0600C35E064F0600CD5E064B42C916004F079F47C3620616004F079F47CD6291
:20061400064B42C94FCD5A06C94FCD5A064B42C97B594F7A5047C362067B594F7A5047CDF3
:2006340062064B42C94FCD9806C94FCD98064B42C97B594F7A5047C39B067B594F7A504789
:20065400CD9B064B42C979079F477B079F5778F5AAF5CB7A280697935F9F9257CB782806E3
:2006740097914F9F9047CD9B063816F1E680280697914F9F9047F1E680C897935F9F92571B
:20069400C9F1F1C90600507BB22007010000505937C96960010000B73E10F5CB15CB14CB30
:2006B40011CB10C5799B4F789A473F3808C1F13DB720E71808F1F13D3720DF18005059CB8C
:0706D400154DCB1444B7C91A
:20374600FA17DB6F5FFA18DB57CB2517CB2517CB2517CB2517677B856F7C8A677DC693EA46
:1637660017DB577CCE5CEA18DB5FC9F8022AEA17DB7EEA18DBC935
:2006DB00626B2AEA34DB2A5F2A571AEA19DB0E12111ADB2A12130D20FA0E472136DBAF2219
:2006FB000D20FC3EF0EA44DBEA54DB3E64EA35DB0E00211ADB112CDBCD2507211CDBCD258B
:20071B0007211EDBCD25072120DB2A81666F8C95672A12137E1213C9474B1EFE78B72807B9
:20073B00CB21CB033D20F9FA36DBA3B1EA36DBA1C2A809C9FA3BDB67848426006F092A46CA
:20075B00234EC92A4F46CD4F07210000FE48D01287C6E66FCE0D95672A666F37C9C6C02FEC
:20077B00FE07D867CB3FCB3F3D6F7CE603C604CB35B5C978CB3782C63D6FCEDB9567C926AB
:20079B000048FA36DB0D28170D28250D2833CB47C07BEA3DDBE0137AEA3EDBB4E014C9CBE2
:2007BB004FC07BEA4DDBE0187AEA4EDBB4E019C9CB57C07BEA5DDBE01D7AEA5EDBB4E01EBC
:2007DB00C9CB5FC0547BCD78072173DBB6E0227AE023C91806181718281849FA36DBCB47B8
:2007FB00C0213DDB2AE013FA42DBB6E014C9FA36DBCB4FC0214DDB2AE018FA52DBB6E01918
:20081B00C9FA36DBCB57C0F025F5E6BBE025AFE01A2FE01A215DDB2AE01DFA62DBB6E01E1A
:20083B00F1E025C9FA36DBCB5FC0FA6DDBE022FA72DBE023C97E34E5CD5207E1C55778E67A
:20085B00F0CB7A2804CBBACBC7CB3728023D777AFE5A2821D624435F1604CD8E077B8623CE
:20087B00565F04CB504A2005CD6B07545D61CBBC05CD9C0758C116011802160078E60FB14F
:20089B00C878E60F87C6B56FCE0895672A666FCB4228012343FA38DBB7E9310A640A730A57
:2008BB00820A090AD508DA082A0BF408F908EE0A8509BB09910997097D09C079E024C9007D
:2008DB002128DB3E0FA187865F233E008E676B2A666F5059FA38DBB7E9C079E025C9C0FAA8
:2008FB0036DB05280D05281C05280ECB47C079E011C9CB4FC079E016C9CB5FC0F022CB9F91
:20091B00B1E022C9CB57C0792135DBCD2E090602C32E0B77CB37212ADB8623666F8C956707
:20093B00F025F5E6BBE025AFE01A2AE0302AE0312AE0322AE0332AE0342AE0352AE0362A6E
:20095B00E0372AE0382AE0392AE03A2AE03B2AE03C2AE03D2AE03E2AE03F3E80E01AF1E0B0
:20097B0025C9C079EA34DBC94FAFC02139DBB6200236012371C9C079EA39DBC9B9C078C65D
:20099B00FECE0387271F57FA36DB2FA2C878878780C6126F26FFAF2278FE02C82C36FFC9F8
:2009BB00C0CB31FA36DB05281305281D052836CB47C0F012E60FB1E012C3F607CB4FC0F072
:2009DB0017E60FB1E017C30908CB57C079FEA0300FFE503007B7280A3E6018063E4018027A
:2009FB003E20E01CC9CB5FC079E021C33F08C81604CD8E0779E6F0CB375FFA37DBA37E2802
:200A1B0007CD6B07545D180BCD6B0779E60F855F8C9357C39A07001604CD8E0756FA37DB58
:200A3B003D1802D603FE0330FA87C64D6FCE0A9567E9180918037A180879CB37FE79E60FBD
:200A5B0082CD6B07545DC39A07C81600CD8E072A815F8E9357C39A07C81600CD8E072A9184
:200A7B005F9F8657C39A0728551600CD8E07E52A5F2A572A666F7CBA381A20067DBB381407
:200A9B00282A79835F8A93577CBA381E201E7DBB381818187B915F9F8257CB7A200C7ABC0E
:200ABB00380820087BBD38021802545DE17B22723E04856F8C95677ECBBE67C39C071604DA
:200ADB00CD8E073A545DCD6B077C121B7D12E1F1A7F5E9C078C6FECE0387271F57FA36DBE4
:200AFB002FA2C879E60F5779E6F05FCB3378878780C6124FF2E6F0CB37923001AF83FE10D7
:200B1B0038023E0FCB37E20C0CF2F680E2180428BDB9C07887C6EE6FCE079567E978E6F049
:200B3B00CB37C83D875F8783856F8C956717C9FA38DBB7C2FF0C212CDB1141DBCD5E07F53A
:200B5B00303F78E60FFE0328087DEA3DDB7CEA3EDB2122DB2A666FCD380BFA42DBCBBF2879
:200B7B001DFA36DBCB4720192AE0102AE0112AE0122AEA45DB2AEA46DBAFEA47DB7EEA42C8
:200B9B00DB1E00CD9508F1DCF607FA45DB4FFA46DB47B12147DB1E00C45008212EDB115188
:200BBB00DBCD5E07F5303D78E60FFE0328087DEA4DDB7CEA4EDB2122DB2A666FCD380BFAC8
:200BDB0052DBCBBF281BFA36DBCB4F2017232AE0162AE0172AEA55DB2AEA56DBAFEA57DBEC
:200BFB007EEA52DB1E01CD9508F1DC0908FA55DB4FFA56DB47B12157DB1E01C45008213063
:200C1B00DB1161DBCD5E07F5D26E0C78E60FFE0328087DEA5DDB7CEA5EDB2124DB2A666F23
:200C3B00CD380BFA62DBCBBF2826FA36DBCB5720222AE01B2AE01C2AE52135DBBE2803CDCA
:200C5B002E09E12AEA65DB2AEA66DBAFEA67DB7EEA62DB1E02CD9508F1DC1C08FA65DB4F34
:200C7B00FA66DB47B12167DB1E02C450082132DB2A4F46CD4F07FE48F5304CEA71DBCD7845
:200C9B0007EA6DDB2126DB2A666FCD380BFA72DBCBBF2830FA36DBCB5F202C2AE0212AEAE6
:200CBB0076DB2AEA77DBAFEA78DB7EE63FE020FA6DDB577EE680CB37EA73DBB2EA6DDB7EBA
:200CDB00E640F680EA72DB1E03CD9508F1DC3F08FA76DB4FFA77DB47B12178DB1E03C45000
:200CFB0008C3A70DFA36DBCB472012212CDB2A4F46CD4F0779B728051E00CD9508FA45DB02
:200D1B004FFA46DB47B12147DB1E00C45008FA36DBCB4F2012212EDB2A4F46CD4F0779B746
:200D3B0028051E01CD9508FA55DB4FFA56DB47B12157DB1E01C45008FA36DBCB5720122138
:200D5B0030DB2A4F46CD4F0779B728051E02CD9508FA65DB4FFA66DB47B12167DB1E02C4A1
:200D7B005008FA36DBCB5F20122132DB2A4F46CD4F0779B728051E03CD9508FA76DB4FFA0D
:200D9B0077DB47B12178DB1E03C450082137DB342334FA34DB96C022B6280D3D47AF22B608
:200DBB00281036003D871817FA3BDB3CFE4020170600FA19DB4FFA3CDBC602B92001AFEA67
:200DDB003CDB4FCD0D0778EA3BDBC92C009C0006016B01C90123027702C602120356039BFC
:200DFB0003DA0316044E048304B504E50411053B0563058905AC05CE05ED050A0627064222
:200E1B00065B06720689069E06B206C406D606E706F7060607140721072D07390744074FFF
:200E3B0007590762076B0773077B0783078A07900797079D07A207A707AC07B107B607BA2C
:1B0E5B0007BE07C107C407C807CB07CE07D107D407D607D907DB07DD07DF078B
:20377C00F040E610C2C937C5F8073A473A4F3A5F6EE5AFB32005110010180926006B2929DF
:20379C002929545DE17D079F6729292929C501009009C1CB5C2806CB642802CBA4F041E6A7
:2037BC000220FA2A02031B7AB320E8C1C9C5F8053A5F6EE5AFB320051100101809AF676BD0
:2037DC0029292929444DE1672929292911008019545DF8073A6E62577D6B5FCDF00FC1C954
:200E7600F041E60220FA1AC9F040E6402808180AF040E608200416981802169CF8033A6E3F
:200E96005ACB370767E60383573EE0A4856F62F041E60220FA5EC9FE28D05787874F7B9286
:200EB600D8C821A2DB6669110400CB3F30037219C8CB3F300572197219C8721972197219AC
:200ED60072193D20F5C94F18024B5F7B179F57AF182A4F179F477B179F5778BA38067B59B2
:200EF6004F7A5047B7CA120F2E00061029CB11173001190520F64D44C94FAF576F06087970
:200F160029173001190520F84D44C92141FFCB4E20FC12C957F040E6402809180B57F040C1
:200F3600E608200406981802069C2E1F7AA5577BA548CB37075FE60381473EE0A3824FF861
:0C0F560002F041E60220FA7E02E133E9DD
:2037FC007A474B87D0AF914F3E009847C9C5F8042A575EF8093A473A4F3A666FCDC939C18B
:20381C00C9F80656180A1690F040E61028021680C5F8042A5F2A4F2A666FCB337BE60F820F
:20383C00577BE6F05FCB5A2802CBA20610F041E60220FA2A12130520F40D20E9C1C9F8025E
:20385C002A666FC5444D1100002AB728031318F9CB3ACB1B7BB228132B2B141C18077EF54B
:20387C000A32F102031D20F61520F3C1F8025E2356C9F090F521A438E5217DDB2A666FFA7B
:16389C007FDBE090EA0020E9F1E090EA0020C9794B5F784257C928
:03004800C3B23808
:2038B200F5E5C5D52181DBE52A666FB42815E72183DB2A666FB4280BE72185DB2A666FB4C9
:1B38D200C42000E1D1C1E1F041E60220FAF1D92181DBC3F0012181DBC3D00164
:200F6200C5E8F0F8000E10AFEFF8003E89223E0332CDAF0F0E003E30E2F2F21E04F2473E64
:200F820020E2F2F23E10E2F2F23E30E2F2F2F2F2B820071D20E81E00180AF8013E0032CDC3
:200FA200AF0F1E01E810C1C9F8022A666FC57EE6072839F50E00E23E30E206101E082A5754
:200FC200CB3A3E1038023E20E2F2F23E30E2F2F21D20ED0520E63E20E2F2F23E30E211D0A0
:0E0FE20020F0001B7AB320F9F13D20C7C1C9F1
:2038ED00E5F040E6402809180CE5F040E6082005210098180321009CC5CB33CB037BE6037D
:20390D0084473EE0A3824FE1D1D5C5F041E60220FA7C0279E6E05F793CE61FB34F1520EBC6
:16392D00C1D11DC8D578E6FC5F3E20814F8891E603B347C518D5A3
:200FF000C579CDFE0FC9F8033A6E60477D69CB381F4F3009F041E60220FA2A1213CB38CBD6
:2010100019040C30261812F041E60220FA2A1213F041E60220FA2A1213F041E60220FA2AB6
:141030001213F041E60220FA2A12130D20D90520D6E1F1E949
:20394300F5D5167FCD5339B720F81520F7D1F1C93E20E000F000F000E60F5F3E10E000F096
:2039630000F000F000F000F000F000E60FCB37B32F5F3E30E0007BC957CD5339A228FAC98D
:12398300C5F8042A575EF8083A473A666FCDF638C1C97D
:013A6200C0A3
:20104400FE283802AFC9F587874F2189DB2A666FFAA2DB472AFE80281C8257020C2A835F41
:20106400020CFA8BDB8623020CFA8CDB8623020C79FEA038DF79CB3FCB3FD192C9D5F80576
:201084003A6E60477D69CB381F4F30032A1213CB38CB19040C300E18062A12132A12132A09
:0F10A40012132A12130D20F10520EEC1E1F1E91C
:20399500E9F8073A573A5FB228242B3AF53A6E67F1CB3ACB1B300122CB3ACB1B3002222209
:1439B500141C1804222222221D20F91520F6F8022A5F56C927
:013A63000062
:2039C900E5F040E6402809180CE5F040E6082005210098180321009CC5CB33CB037BE603A0
:2039E90084473EE0A3824FE1D1D5C5FAA3DB865FF041E60220FA7B022379E6E05F793CE6AC
:203A09001FB34F1520E5C1D11DC8D578E6FC5F3E20814F8891E603B347C518CFF090F57B97
:203A2900E090EA0020E7E16F7CE090EA00207DC9C5F8042A575EF8093A473A4F3A666FCD09
:043A4900D239C1C9E4
:00000001FF
